"1-Wire/iButton Part Number: DS1923"		
"1-Wire/iButton Registration Number: 11000000149BC741"		
"Mission in Progress?  true"		
"SUTA Mission?  false"		
"Waiting for Temperature Alarm?  false"		
"Sample Rate:  Every 3600 second(s)"		
"Mission Start Time:  Sat Feb 25 12:19:01 CST 2012"		
"Mission Sample Count:  2256"		
"Roll Over Enabled?  false(no rollover occurred)"		
"First Sample Timestamp:  Sat Feb 25 12:19:01 CST 2012"		
"Total Mission Samples:  2256"		
"Total Device Samples:  32389"		
"Temperature Logging:  0.5 C"		
"Temperature High Alarm:  disabled"		
"Temperature Low Alarm:  disabled"		
"Data Logging:  0.6 %RH"		
"Data High Alarm:  disabled"		
"Data Low Alarm:  disabled"		
		
"Date/Time"	"Unit"	"Value"
"2/25/12 12:19:01 PM"	"%RH"	28.206
"2/25/12 1:19:01 PM"	"%RH"	28.206
"2/25/12 2:19:01 PM"	"%RH"	26.905
"2/25/12 3:19:01 PM"	"%RH"	22.968
"2/25/12 4:19:01 PM"	"%RH"	21.645
"2/25/12 5:19:01 PM"	"%RH"	30.79
"2/25/12 6:19:01 PM"	"%RH"	33.989
"2/25/12 7:19:01 PM"	"%RH"	39.656
"2/25/12 8:19:01 PM"	"%RH"	42.755
"2/25/12 9:19:01 PM"	"%RH"	39.032
"2/25/12 10:19:01 PM"	"%RH"	42.138
"2/25/12 11:19:01 PM"	"%RH"	44.597
"2/26/12 12:19:01 AM"	"%RH"	45.818
"2/26/12 1:19:01 AM"	"%RH"	48.845
"2/26/12 2:19:01 AM"	"%RH"	49.446
"2/26/12 3:19:01 AM"	"%RH"	47.033
"2/26/12 4:19:01 AM"	"%RH"	46.426
"2/26/12 5:19:01 AM"	"%RH"	50.046
"2/26/12 6:19:01 AM"	"%RH"	50.644
"2/26/12 7:19:01 AM"	"%RH"	62.88
"2/26/12 8:19:01 AM"	"%RH"	66.26
"2/26/12 9:19:01 AM"	"%RH"	48.242
"2/26/12 10:19:01 AM"	"%RH"	30.79
"2/26/12 11:19:01 AM"	"%RH"	30.79
"2/26/12 12:19:01 PM"	"%RH"	22.968
"2/26/12 1:19:01 PM"	"%RH"	21.645
"2/26/12 2:19:01 PM"	"%RH"	20.315
"2/26/12 3:19:01 PM"	"%RH"	18.98
"2/26/12 4:19:01 PM"	"%RH"	18.98
"2/26/12 5:19:01 PM"	"%RH"	21.645
"2/26/12 6:19:01 PM"	"%RH"	23.628
"2/26/12 7:19:01 PM"	"%RH"	37.78
"2/26/12 8:19:01 PM"	"%RH"	47.033
"2/26/12 9:19:01 PM"	"%RH"	53.023
"2/26/12 10:19:01 PM"	"%RH"	54.793
"2/26/12 11:19:01 PM"	"%RH"	60.024
"2/27/12 12:19:01 AM"	"%RH"	61.742
"2/27/12 1:19:01 AM"	"%RH"	60.598
"2/27/12 2:19:01 AM"	"%RH"	64.012
"2/27/12 3:19:01 AM"	"%RH"	69.038
"2/27/12 4:19:01 AM"	"%RH"	69.589
"2/27/12 5:19:01 AM"	"%RH"	71.234
"2/27/12 6:19:01 AM"	"%RH"	71.234
"2/27/12 7:19:01 AM"	"%RH"	66.818
"2/27/12 8:19:01 AM"	"%RH"	70.139
"2/27/12 9:19:01 AM"	"%RH"	58.293
"2/27/12 10:19:01 AM"	"%RH"	31.433
"2/27/12 11:19:01 AM"	"%RH"	27.556
"2/27/12 12:19:01 PM"	"%RH"	20.315
"2/27/12 1:19:01 PM"	"%RH"	22.307
"2/27/12 2:19:01 PM"	"%RH"	20.981
"2/27/12 3:19:01 PM"	"%RH"	23.628
"2/27/12 4:19:01 PM"	"%RH"	18.311
"2/27/12 5:19:01 PM"	"%RH"	26.252
"2/27/12 6:19:01 PM"	"%RH"	37.151
"2/27/12 7:19:01 PM"	"%RH"	51.241
"2/27/12 8:19:01 PM"	"%RH"	51.837
"2/27/12 9:19:01 PM"	"%RH"	47.033
"2/27/12 10:19:01 PM"	"%RH"	40.9
"2/27/12 11:19:01 PM"	"%RH"	42.138
"2/28/12 12:19:01 AM"	"%RH"	54.204
"2/28/12 1:19:01 AM"	"%RH"	65.7
"2/28/12 2:19:01 AM"	"%RH"	60.024
"2/28/12 3:19:01 AM"	"%RH"	53.614
"2/28/12 4:19:01 AM"	"%RH"	52.431
"2/28/12 5:19:01 AM"	"%RH"	54.793
"2/28/12 6:19:01 AM"	"%RH"	50.046
"2/28/12 7:19:01 AM"	"%RH"	54.793
"2/28/12 8:19:01 AM"	"%RH"	49.446
"2/28/12 9:19:01 AM"	"%RH"	44.597
"2/28/12 10:19:01 AM"	"%RH"	35.258
"2/28/12 11:19:01 AM"	"%RH"	33.352
"2/28/12 12:19:01 PM"	"%RH"	29.501
"2/28/12 1:19:01 PM"	"%RH"	26.252
"2/28/12 2:19:01 PM"	"%RH"	24.943
"2/28/12 3:19:01 PM"	"%RH"	19.648
"2/28/12 4:19:01 PM"	"%RH"	14.263
"2/28/12 5:19:01 PM"	"%RH"	12.22
"2/28/12 6:19:01 PM"	"%RH"	9.475
"2/28/12 7:19:01 PM"	"%RH"	9.475
"2/28/12 8:19:01 PM"	"%RH"	18.98
"2/28/12 9:19:01 PM"	"%RH"	24.943
"2/28/12 10:19:01 PM"	"%RH"	27.556
"2/28/12 11:19:01 PM"	"%RH"	32.713
"2/29/12 12:19:01 AM"	"%RH"	32.713
"2/29/12 1:19:01 AM"	"%RH"	33.989
"2/29/12 2:19:01 AM"	"%RH"	30.146
"2/29/12 3:19:01 AM"	"%RH"	26.252
"2/29/12 4:19:01 AM"	"%RH"	41.519
"2/29/12 5:19:01 AM"	"%RH"	43.37
"2/29/12 6:19:01 AM"	"%RH"	45.818
"2/29/12 7:19:01 AM"	"%RH"	35.891
"2/29/12 8:19:01 AM"	"%RH"	35.258
"2/29/12 9:19:01 AM"	"%RH"	37.78
"2/29/12 10:19:01 AM"	"%RH"	25.598
"2/29/12 11:19:01 AM"	"%RH"	22.307
"2/29/12 12:19:01 PM"	"%RH"	18.311
"2/29/12 1:19:01 PM"	"%RH"	17.64
"2/29/12 2:19:01 PM"	"%RH"	16.293
"2/29/12 3:19:01 PM"	"%RH"	10.85
"2/29/12 4:19:01 PM"	"%RH"	10.85
"2/29/12 5:19:01 PM"	"%RH"	14.263
"2/29/12 6:19:01 PM"	"%RH"	19.648
"2/29/12 7:19:01 PM"	"%RH"	29.501
"2/29/12 8:19:01 PM"	"%RH"	33.989
"2/29/12 9:19:01 PM"	"%RH"	29.501
"2/29/12 10:19:01 PM"	"%RH"	27.556
"2/29/12 11:19:01 PM"	"%RH"	23.628
"3/1/12 12:19:01 AM"	"%RH"	22.307
"3/1/12 1:19:01 AM"	"%RH"	20.981
"3/1/12 2:19:01 AM"	"%RH"	22.968
"3/1/12 3:19:01 AM"	"%RH"	22.307
"3/1/12 4:19:01 AM"	"%RH"	23.628
"3/1/12 5:19:01 AM"	"%RH"	24.286
"3/1/12 6:19:01 AM"	"%RH"	24.943
"3/1/12 7:19:01 AM"	"%RH"	26.905
"3/1/12 8:19:01 AM"	"%RH"	24.286
"3/1/12 9:19:01 AM"	"%RH"	18.98
"3/1/12 10:19:01 AM"	"%RH"	12.902
"3/1/12 11:19:01 AM"	"%RH"	15.618
"3/1/12 12:19:01 PM"	"%RH"	12.22
"3/1/12 1:19:01 PM"	"%RH"	10.164
"3/1/12 2:19:01 PM"	"%RH"	9.475
"3/1/12 3:19:01 PM"	"%RH"	8.095
"3/1/12 4:19:01 PM"	"%RH"	7.402
"3/1/12 5:19:01 PM"	"%RH"	8.095
"3/1/12 6:19:01 PM"	"%RH"	8.095
"3/1/12 7:19:01 PM"	"%RH"	9.475
"3/1/12 8:19:01 PM"	"%RH"	10.164
"3/1/12 9:19:01 PM"	"%RH"	9.475
"3/1/12 10:19:01 PM"	"%RH"	10.85
"3/1/12 11:19:01 PM"	"%RH"	12.22
"3/2/12 12:19:01 AM"	"%RH"	14.263
"3/2/12 1:19:01 AM"	"%RH"	14.941
"3/2/12 2:19:01 AM"	"%RH"	16.293
"3/2/12 3:19:01 AM"	"%RH"	15.618
"3/2/12 4:19:01 AM"	"%RH"	16.293
"3/2/12 5:19:01 AM"	"%RH"	18.98
"3/2/12 6:19:01 AM"	"%RH"	17.64
"3/2/12 7:19:01 AM"	"%RH"	16.967
"3/2/12 8:19:01 AM"	"%RH"	16.967
"3/2/12 9:19:01 AM"	"%RH"	15.618
"3/2/12 10:19:01 AM"	"%RH"	14.263
"3/2/12 11:19:01 AM"	"%RH"	14.941
"3/2/12 12:19:01 PM"	"%RH"	12.902
"3/2/12 1:19:01 PM"	"%RH"	12.22
"3/2/12 2:19:01 PM"	"%RH"	13.583
"3/2/12 3:19:01 PM"	"%RH"	12.22
"3/2/12 4:19:01 PM"	"%RH"	12.22
"3/2/12 5:19:01 PM"	"%RH"	11.536
"3/2/12 6:19:01 PM"	"%RH"	14.263
"3/2/12 7:19:01 PM"	"%RH"	16.967
"3/2/12 8:19:01 PM"	"%RH"	21.645
"3/2/12 9:19:01 PM"	"%RH"	26.252
"3/2/12 10:19:01 PM"	"%RH"	26.905
"3/2/12 11:19:01 PM"	"%RH"	27.556
"3/3/12 12:19:01 AM"	"%RH"	31.433
"3/3/12 1:19:01 AM"	"%RH"	37.78
"3/3/12 2:19:01 AM"	"%RH"	45.208
"3/3/12 3:19:01 AM"	"%RH"	53.023
"3/3/12 4:19:01 AM"	"%RH"	61.17
"3/3/12 5:19:01 AM"	"%RH"	65.7
"3/3/12 6:19:01 AM"	"%RH"	70.139
"3/3/12 7:19:01 AM"	"%RH"	74.486
"3/3/12 8:19:01 AM"	"%RH"	71.234
"3/3/12 9:19:01 AM"	"%RH"	47.638
"3/3/12 10:19:01 AM"	"%RH"	30.79
"3/3/12 11:19:01 AM"	"%RH"	21.645
"3/3/12 12:19:01 PM"	"%RH"	14.263
"3/3/12 1:19:01 PM"	"%RH"	12.902
"3/3/12 2:19:01 PM"	"%RH"	13.583
"3/3/12 3:19:01 PM"	"%RH"	12.22
"3/3/12 4:19:01 PM"	"%RH"	10.85
"3/3/12 5:19:01 PM"	"%RH"	12.22
"3/3/12 6:19:01 PM"	"%RH"	14.263
"3/3/12 7:19:01 PM"	"%RH"	16.967
"3/3/12 8:19:01 PM"	"%RH"	16.293
"3/3/12 9:19:01 PM"	"%RH"	17.64
"3/3/12 10:19:01 PM"	"%RH"	18.311
"3/3/12 11:19:01 PM"	"%RH"	20.315
"3/4/12 12:19:01 AM"	"%RH"	27.556
"3/4/12 1:19:01 AM"	"%RH"	32.074
"3/4/12 2:19:01 AM"	"%RH"	30.146
"3/4/12 3:19:01 AM"	"%RH"	24.943
"3/4/12 4:19:01 AM"	"%RH"	28.206
"3/4/12 5:19:01 AM"	"%RH"	35.258
"3/4/12 6:19:01 AM"	"%RH"	33.352
"3/4/12 7:19:01 AM"	"%RH"	24.943
"3/4/12 8:19:01 AM"	"%RH"	22.968
"3/4/12 9:19:01 AM"	"%RH"	18.98
"3/4/12 10:19:01 AM"	"%RH"	13.583
"3/4/12 11:19:01 AM"	"%RH"	14.263
"3/4/12 12:19:01 PM"	"%RH"	10.85
"3/4/12 1:19:01 PM"	"%RH"	10.85
"3/4/12 2:19:01 PM"	"%RH"	10.85
"3/4/12 3:19:01 PM"	"%RH"	9.475
"3/4/12 4:19:01 PM"	"%RH"	8.786
"3/4/12 5:19:01 PM"	"%RH"	10.164
"3/4/12 6:19:01 PM"	"%RH"	11.536
"3/4/12 7:19:01 PM"	"%RH"	20.315
"3/4/12 8:19:01 PM"	"%RH"	26.905
"3/4/12 9:19:01 PM"	"%RH"	30.79
"3/4/12 10:19:01 PM"	"%RH"	32.074
"3/4/12 11:19:01 PM"	"%RH"	33.352
"3/5/12 12:19:01 AM"	"%RH"	34.624
"3/5/12 1:19:01 AM"	"%RH"	36.522
"3/5/12 2:19:01 AM"	"%RH"	40.279
"3/5/12 3:19:01 AM"	"%RH"	40.9
"3/5/12 4:19:01 AM"	"%RH"	39.656
"3/5/12 5:19:01 AM"	"%RH"	40.279
"3/5/12 6:19:01 AM"	"%RH"	38.407
"3/5/12 7:19:01 AM"	"%RH"	42.138
"3/5/12 8:19:01 AM"	"%RH"	39.656
"3/5/12 9:19:01 AM"	"%RH"	23.628
"3/5/12 10:19:01 AM"	"%RH"	9.475
"3/5/12 11:19:01 AM"	"%RH"	9.475
"3/5/12 12:19:01 PM"	"%RH"	7.402
"3/5/12 1:19:01 PM"	"%RH"	6.013
"3/5/12 2:19:01 PM"	"%RH"	6.013
"3/5/12 3:19:01 PM"	"%RH"	5.316
"3/5/12 4:19:01 PM"	"%RH"	5.316
"3/5/12 5:19:01 PM"	"%RH"	6.708
"3/5/12 6:19:01 PM"	"%RH"	8.786
"3/5/12 7:19:01 PM"	"%RH"	13.583
"3/5/12 8:19:01 PM"	"%RH"	16.967
"3/5/12 9:19:01 PM"	"%RH"	12.902
"3/5/12 10:19:01 PM"	"%RH"	12.22
"3/5/12 11:19:01 PM"	"%RH"	12.22
"3/6/12 12:19:01 AM"	"%RH"	15.618
"3/6/12 1:19:01 AM"	"%RH"	17.64
"3/6/12 2:19:01 AM"	"%RH"	22.307
"3/6/12 3:19:01 AM"	"%RH"	20.315
"3/6/12 4:19:01 AM"	"%RH"	16.967
"3/6/12 5:19:01 AM"	"%RH"	16.293
"3/6/12 6:19:01 AM"	"%RH"	16.967
"3/6/12 7:19:01 AM"	"%RH"	17.64
"3/6/12 8:19:01 AM"	"%RH"	18.98
"3/6/12 9:19:01 AM"	"%RH"	16.967
"3/6/12 10:19:01 AM"	"%RH"	14.941
"3/6/12 11:19:01 AM"	"%RH"	18.311
"3/6/12 12:19:01 PM"	"%RH"	16.293
"3/6/12 1:19:01 PM"	"%RH"	17.64
"3/6/12 2:19:01 PM"	"%RH"	18.98
"3/6/12 3:19:01 PM"	"%RH"	16.967
"3/6/12 4:19:01 PM"	"%RH"	12.22
"3/6/12 5:19:01 PM"	"%RH"	13.583
"3/6/12 6:19:01 PM"	"%RH"	14.263
"3/6/12 7:19:01 PM"	"%RH"	19.648
"3/6/12 8:19:01 PM"	"%RH"	25.598
"3/6/12 9:19:01 PM"	"%RH"	27.556
"3/6/12 10:19:01 PM"	"%RH"	22.968
"3/6/12 11:19:01 PM"	"%RH"	29.501
"3/7/12 12:19:01 AM"	"%RH"	32.713
"3/7/12 1:19:01 AM"	"%RH"	39.032
"3/7/12 2:19:01 AM"	"%RH"	43.37
"3/7/12 3:19:01 AM"	"%RH"	42.755
"3/7/12 4:19:01 AM"	"%RH"	46.426
"3/7/12 5:19:01 AM"	"%RH"	42.755
"3/7/12 6:19:01 AM"	"%RH"	42.755
"3/7/12 7:19:01 AM"	"%RH"	26.252
"3/7/12 8:19:01 AM"	"%RH"	24.943
"3/7/12 9:19:01 AM"	"%RH"	17.64
"3/7/12 10:19:01 AM"	"%RH"	15.618
"3/7/12 11:19:01 AM"	"%RH"	13.583
"3/7/12 12:19:01 PM"	"%RH"	8.786
"3/7/12 1:19:01 PM"	"%RH"	8.095
"3/7/12 2:19:01 PM"	"%RH"	8.786
"3/7/12 3:19:01 PM"	"%RH"	8.095
"3/7/12 4:19:01 PM"	"%RH"	6.708
"3/7/12 5:19:01 PM"	"%RH"	8.095
"3/7/12 6:19:01 PM"	"%RH"	10.164
"3/7/12 7:19:01 PM"	"%RH"	10.164
"3/7/12 8:19:01 PM"	"%RH"	8.786
"3/7/12 9:19:01 PM"	"%RH"	8.786
"3/7/12 10:19:01 PM"	"%RH"	13.583
"3/7/12 11:19:01 PM"	"%RH"	20.981
"3/8/12 12:19:01 AM"	"%RH"	23.628
"3/8/12 1:19:01 AM"	"%RH"	21.645
"3/8/12 2:19:01 AM"	"%RH"	26.252
"3/8/12 3:19:01 AM"	"%RH"	28.854
"3/8/12 4:19:01 AM"	"%RH"	34.624
"3/8/12 5:19:01 AM"	"%RH"	40.279
"3/8/12 6:19:01 AM"	"%RH"	41.519
"3/8/12 7:19:01 AM"	"%RH"	42.755
"3/8/12 8:19:01 AM"	"%RH"	35.258
"3/8/12 9:19:01 AM"	"%RH"	27.556
"3/8/12 10:19:01 AM"	"%RH"	36.522
"3/8/12 11:19:01 AM"	"%RH"	47.033
"3/8/12 12:19:01 PM"	"%RH"	43.984
"3/8/12 1:19:01 PM"	"%RH"	48.845
"3/8/12 2:19:01 PM"	"%RH"	83.934
"3/8/12 3:19:01 PM"	"%RH"	83.934
"3/8/12 4:19:01 PM"	"%RH"	85.971
"3/8/12 5:19:01 PM"	"%RH"	89.976
"3/8/12 6:19:01 PM"	"%RH"	92.433
"3/8/12 7:19:01 PM"	"%RH"	99.122
"3/8/12 8:19:01 PM"	"%RH"	100.982
"3/8/12 9:19:01 PM"	"%RH"	101.903
"3/8/12 10:19:01 PM"	"%RH"	101.903
"3/8/12 11:19:01 PM"	"%RH"	102.362
"3/9/12 12:19:01 AM"	"%RH"	102.819
"3/9/12 1:19:01 AM"	"%RH"	102.819
"3/9/12 2:19:01 AM"	"%RH"	103.275
"3/9/12 3:19:01 AM"	"%RH"	102.819
"3/9/12 4:19:01 AM"	"%RH"	102.362
"3/9/12 5:19:01 AM"	"%RH"	102.362
"3/9/12 6:19:01 AM"	"%RH"	102.819
"3/9/12 7:19:01 AM"	"%RH"	102.362
"3/9/12 8:19:01 AM"	"%RH"	103.275
"3/9/12 9:19:01 AM"	"%RH"	101.443
"3/9/12 10:19:01 AM"	"%RH"	101.443
"3/9/12 11:19:01 AM"	"%RH"	99.589
"3/9/12 12:19:01 PM"	"%RH"	100.055
"3/9/12 1:19:01 PM"	"%RH"	99.589
"3/9/12 2:19:01 PM"	"%RH"	97.239
"3/9/12 3:19:01 PM"	"%RH"	98.654
"3/9/12 4:19:01 PM"	"%RH"	100.519
"3/9/12 5:19:01 PM"	"%RH"	101.443
"3/9/12 6:19:01 PM"	"%RH"	101.903
"3/9/12 7:19:01 PM"	"%RH"	102.362
"3/9/12 8:19:01 PM"	"%RH"	103.275
"3/9/12 9:19:01 PM"	"%RH"	103.729
"3/9/12 10:19:01 PM"	"%RH"	103.729
"3/9/12 11:19:01 PM"	"%RH"	104.182
"3/10/12 12:19:01 AM"	"%RH"	104.633
"3/10/12 1:19:01 AM"	"%RH"	104.182
"3/10/12 2:19:01 AM"	"%RH"	104.633
"3/10/12 3:19:01 AM"	"%RH"	104.633
"3/10/12 4:19:01 AM"	"%RH"	103.729
"3/10/12 5:19:01 AM"	"%RH"	104.633
"3/10/12 6:19:01 AM"	"%RH"	102.362
"3/10/12 7:19:01 AM"	"%RH"	102.362
"3/10/12 8:19:01 AM"	"%RH"	98.654
"3/10/12 9:19:01 AM"	"%RH"	87.483
"3/10/12 10:19:01 AM"	"%RH"	69.038
"3/10/12 11:19:01 AM"	"%RH"	77.687
"3/10/12 12:19:01 PM"	"%RH"	61.742
"3/10/12 1:19:01 PM"	"%RH"	53.023
"3/10/12 2:19:01 PM"	"%RH"	48.242
"3/10/12 3:19:01 PM"	"%RH"	41.519
"3/10/12 4:19:01 PM"	"%RH"	37.151
"3/10/12 5:19:01 PM"	"%RH"	52.431
"3/10/12 6:19:01 PM"	"%RH"	65.7
"3/10/12 7:19:01 PM"	"%RH"	80.836
"3/10/12 8:19:01 PM"	"%RH"	89.48
"3/10/12 9:19:01 PM"	"%RH"	92.92
"3/10/12 10:19:01 PM"	"%RH"	77.687
"3/10/12 11:19:01 PM"	"%RH"	70.139
"3/11/12 12:19:01 AM"	"%RH"	76.093
"3/11/12 1:19:01 AM"	"%RH"	71.78
"3/11/12 2:19:01 AM"	"%RH"	61.742
"3/11/12 3:19:01 AM"	"%RH"	59.448
"3/11/12 4:19:01 AM"	"%RH"	67.375
"3/11/12 5:19:01 AM"	"%RH"	59.448
"3/11/12 6:19:01 AM"	"%RH"	62.311
"3/11/12 7:19:01 AM"	"%RH"	62.88
"3/11/12 8:19:01 AM"	"%RH"	51.241
"3/11/12 9:19:01 AM"	"%RH"	44.597
"3/11/12 10:19:01 AM"	"%RH"	35.258
"3/11/12 11:19:01 AM"	"%RH"	32.713
"3/11/12 12:19:01 PM"	"%RH"	26.905
"3/11/12 1:19:01 PM"	"%RH"	25.598
"3/11/12 2:19:01 PM"	"%RH"	24.943
"3/11/12 3:19:01 PM"	"%RH"	20.315
"3/11/12 4:19:01 PM"	"%RH"	18.98
"3/11/12 5:19:01 PM"	"%RH"	20.315
"3/11/12 6:19:01 PM"	"%RH"	21.645
"3/11/12 7:19:01 PM"	"%RH"	23.628
"3/11/12 8:19:01 PM"	"%RH"	22.968
"3/11/12 9:19:01 PM"	"%RH"	22.968
"3/11/12 10:19:01 PM"	"%RH"	22.968
"3/11/12 11:19:01 PM"	"%RH"	23.628
"3/12/12 12:19:01 AM"	"%RH"	22.307
"3/12/12 1:19:01 AM"	"%RH"	22.968
"3/12/12 2:19:01 AM"	"%RH"	23.628
"3/12/12 3:19:01 AM"	"%RH"	23.628
"3/12/12 4:19:01 AM"	"%RH"	26.905
"3/12/12 5:19:01 AM"	"%RH"	24.943
"3/12/12 6:19:01 AM"	"%RH"	24.943
"3/12/12 7:19:01 AM"	"%RH"	28.206
"3/12/12 8:19:01 AM"	"%RH"	33.989
"3/12/12 9:19:01 AM"	"%RH"	20.981
"3/12/12 10:19:01 AM"	"%RH"	14.263
"3/12/12 11:19:01 AM"	"%RH"	14.263
"3/12/12 12:19:01 PM"	"%RH"	12.22
"3/12/12 1:19:01 PM"	"%RH"	9.475
"3/12/12 2:19:01 PM"	"%RH"	10.164
"3/12/12 3:19:01 PM"	"%RH"	8.786
"3/12/12 4:19:01 PM"	"%RH"	7.402
"3/12/12 5:19:01 PM"	"%RH"	10.164
"3/12/12 6:19:01 PM"	"%RH"	12.22
"3/12/12 7:19:01 PM"	"%RH"	22.968
"3/12/12 8:19:01 PM"	"%RH"	29.501
"3/12/12 9:19:01 PM"	"%RH"	31.433
"3/12/12 10:19:01 PM"	"%RH"	32.713
"3/12/12 11:19:01 PM"	"%RH"	32.713
"3/13/12 12:19:01 AM"	"%RH"	32.713
"3/13/12 1:19:01 AM"	"%RH"	39.032
"3/13/12 2:19:01 AM"	"%RH"	37.151
"3/13/12 3:19:01 AM"	"%RH"	42.755
"3/13/12 4:19:01 AM"	"%RH"	40.9
"3/13/12 5:19:01 AM"	"%RH"	42.138
"3/13/12 6:19:01 AM"	"%RH"	52.431
"3/13/12 7:19:01 AM"	"%RH"	55.965
"3/13/12 8:19:01 AM"	"%RH"	52.431
"3/13/12 9:19:01 AM"	"%RH"	33.352
"3/13/12 10:19:01 AM"	"%RH"	20.315
"3/13/12 11:19:01 AM"	"%RH"	16.967
"3/13/12 12:19:01 PM"	"%RH"	14.941
"3/13/12 1:19:01 PM"	"%RH"	13.583
"3/13/12 2:19:01 PM"	"%RH"	10.85
"3/13/12 3:19:01 PM"	"%RH"	11.536
"3/13/12 4:19:01 PM"	"%RH"	10.164
"3/13/12 5:19:01 PM"	"%RH"	12.902
"3/13/12 6:19:01 PM"	"%RH"	14.263
"3/13/12 7:19:01 PM"	"%RH"	24.286
"3/13/12 8:19:01 PM"	"%RH"	31.433
"3/13/12 9:19:01 PM"	"%RH"	33.352
"3/13/12 10:19:01 PM"	"%RH"	32.713
"3/13/12 11:19:01 PM"	"%RH"	38.407
"3/14/12 12:19:01 AM"	"%RH"	43.984
"3/14/12 1:19:01 AM"	"%RH"	45.818
"3/14/12 2:19:01 AM"	"%RH"	43.37
"3/14/12 3:19:01 AM"	"%RH"	46.426
"3/14/12 4:19:01 AM"	"%RH"	48.845
"3/14/12 5:19:01 AM"	"%RH"	61.17
"3/14/12 6:19:01 AM"	"%RH"	58.293
"3/14/12 7:19:01 AM"	"%RH"	57.132
"3/14/12 8:19:01 AM"	"%RH"	45.818
"3/14/12 9:19:01 AM"	"%RH"	25.598
"3/14/12 10:19:01 AM"	"%RH"	14.263
"3/14/12 11:19:01 AM"	"%RH"	16.293
"3/14/12 12:19:01 PM"	"%RH"	12.22
"3/14/12 1:19:01 PM"	"%RH"	10.85
"3/14/12 2:19:01 PM"	"%RH"	9.475
"3/14/12 3:19:01 PM"	"%RH"	10.164
"3/14/12 4:19:01 PM"	"%RH"	11.536
"3/14/12 5:19:01 PM"	"%RH"	12.22
"3/14/12 6:19:01 PM"	"%RH"	12.902
"3/14/12 7:19:01 PM"	"%RH"	20.981
"3/14/12 8:19:01 PM"	"%RH"	24.943
"3/14/12 9:19:01 PM"	"%RH"	28.854
"3/14/12 10:19:01 PM"	"%RH"	33.352
"3/14/12 11:19:01 PM"	"%RH"	42.138
"3/15/12 12:19:01 AM"	"%RH"	61.17
"3/15/12 1:19:01 AM"	"%RH"	58.871
"3/15/12 2:19:01 AM"	"%RH"	41.519
"3/15/12 3:19:01 AM"	"%RH"	36.522
"3/15/12 4:19:01 AM"	"%RH"	35.258
"3/15/12 5:19:01 AM"	"%RH"	38.407
"3/15/12 6:19:01 AM"	"%RH"	35.258
"3/15/12 7:19:01 AM"	"%RH"	34.624
"3/15/12 8:19:01 AM"	"%RH"	33.989
"3/15/12 9:19:01 AM"	"%RH"	13.583
"3/15/12 10:19:01 AM"	"%RH"	8.786
"3/15/12 11:19:01 AM"	"%RH"	10.164
"3/15/12 12:19:01 PM"	"%RH"	10.164
"3/15/12 1:19:01 PM"	"%RH"	10.164
"3/15/12 2:19:01 PM"	"%RH"	10.164
"3/15/12 3:19:01 PM"	"%RH"	10.85
"3/15/12 4:19:01 PM"	"%RH"	11.536
"3/15/12 5:19:01 PM"	"%RH"	16.293
"3/15/12 6:19:01 PM"	"%RH"	16.967
"3/15/12 7:19:01 PM"	"%RH"	24.286
"3/15/12 8:19:01 PM"	"%RH"	26.905
"3/15/12 9:19:01 PM"	"%RH"	30.79
"3/15/12 10:19:01 PM"	"%RH"	35.258
"3/15/12 11:19:01 PM"	"%RH"	44.597
"3/16/12 12:19:01 AM"	"%RH"	54.793
"3/16/12 1:19:01 AM"	"%RH"	65.7
"3/16/12 2:19:01 AM"	"%RH"	80.315
"3/16/12 3:19:01 AM"	"%RH"	71.234
"3/16/12 4:19:01 AM"	"%RH"	80.315
"3/16/12 5:19:01 AM"	"%RH"	76.626
"3/16/12 6:19:01 AM"	"%RH"	75.559
"3/16/12 7:19:01 AM"	"%RH"	67.375
"3/16/12 8:19:01 AM"	"%RH"	57.713
"3/16/12 9:19:01 AM"	"%RH"	36.522
"3/16/12 10:19:01 AM"	"%RH"	22.968
"3/16/12 11:19:01 AM"	"%RH"	28.206
"3/16/12 12:19:01 PM"	"%RH"	22.968
"3/16/12 1:19:01 PM"	"%RH"	34.624
"3/16/12 2:19:01 PM"	"%RH"	22.307
"3/16/12 3:19:01 PM"	"%RH"	22.307
"3/16/12 4:19:01 PM"	"%RH"	20.981
"3/16/12 5:19:01 PM"	"%RH"	25.598
"3/16/12 6:19:01 PM"	"%RH"	30.146
"3/16/12 7:19:01 PM"	"%RH"	32.713
"3/16/12 8:19:01 PM"	"%RH"	46.426
"3/16/12 9:19:01 PM"	"%RH"	64.012
"3/16/12 10:19:01 PM"	"%RH"	65.7
"3/16/12 11:19:01 PM"	"%RH"	73.408
"3/17/12 12:19:01 AM"	"%RH"	69.038
"3/17/12 1:19:01 AM"	"%RH"	66.26
"3/17/12 2:19:01 AM"	"%RH"	75.559
"3/17/12 3:19:01 AM"	"%RH"	72.867
"3/17/12 4:19:01 AM"	"%RH"	65.7
"3/17/12 5:19:01 AM"	"%RH"	59.448
"3/17/12 6:19:01 AM"	"%RH"	53.023
"3/17/12 7:19:01 AM"	"%RH"	51.837
"3/17/12 8:19:01 AM"	"%RH"	35.258
"3/17/12 9:19:01 AM"	"%RH"	16.967
"3/17/12 10:19:01 AM"	"%RH"	16.967
"3/17/12 11:19:01 AM"	"%RH"	18.311
"3/17/12 12:19:01 PM"	"%RH"	14.941
"3/17/12 1:19:01 PM"	"%RH"	15.618
"3/17/12 2:19:01 PM"	"%RH"	15.618
"3/17/12 3:19:01 PM"	"%RH"	15.618
"3/17/12 4:19:01 PM"	"%RH"	16.293
"3/17/12 5:19:01 PM"	"%RH"	16.967
"3/17/12 6:19:01 PM"	"%RH"	15.618
"3/17/12 7:19:01 PM"	"%RH"	21.645
"3/17/12 8:19:01 PM"	"%RH"	24.286
"3/17/12 9:19:01 PM"	"%RH"	37.151
"3/17/12 10:19:01 PM"	"%RH"	39.032
"3/17/12 11:19:01 PM"	"%RH"	35.258
"3/18/12 12:19:01 AM"	"%RH"	32.713
"3/18/12 1:19:01 AM"	"%RH"	28.854
"3/18/12 2:19:01 AM"	"%RH"	29.501
"3/18/12 3:19:01 AM"	"%RH"	27.556
"3/18/12 4:19:01 AM"	"%RH"	32.074
"3/18/12 5:19:01 AM"	"%RH"	35.258
"3/18/12 6:19:01 AM"	"%RH"	39.032
"3/18/12 7:19:01 AM"	"%RH"	30.146
"3/18/12 8:19:01 AM"	"%RH"	33.989
"3/18/12 9:19:01 AM"	"%RH"	27.556
"3/18/12 10:19:01 AM"	"%RH"	23.628
"3/18/12 11:19:01 AM"	"%RH"	23.628
"3/18/12 12:19:01 PM"	"%RH"	20.981
"3/18/12 1:19:01 PM"	"%RH"	20.981
"3/18/12 2:19:01 PM"	"%RH"	20.315
"3/18/12 3:19:01 PM"	"%RH"	18.98
"3/18/12 4:19:01 PM"	"%RH"	18.98
"3/18/12 5:19:01 PM"	"%RH"	18.311
"3/18/12 6:19:01 PM"	"%RH"	19.648
"3/18/12 7:19:01 PM"	"%RH"	19.648
"3/18/12 8:19:01 PM"	"%RH"	18.98
"3/18/12 9:19:01 PM"	"%RH"	18.98
"3/18/12 10:19:01 PM"	"%RH"	24.286
"3/18/12 11:19:01 PM"	"%RH"	28.854
"3/19/12 12:19:01 AM"	"%RH"	35.258
"3/19/12 1:19:01 AM"	"%RH"	30.146
"3/19/12 2:19:01 AM"	"%RH"	33.989
"3/19/12 3:19:01 AM"	"%RH"	40.9
"3/19/12 4:19:01 AM"	"%RH"	53.614
"3/19/12 5:19:01 AM"	"%RH"	58.293
"3/19/12 6:19:01 AM"	"%RH"	71.78
"3/19/12 7:19:01 AM"	"%RH"	83.934
"3/19/12 8:19:01 AM"	"%RH"	85.971
"3/19/12 9:19:01 AM"	"%RH"	94.854
"3/19/12 10:19:01 AM"	"%RH"	88.485
"3/19/12 11:19:01 AM"	"%RH"	85.464
"3/19/12 12:19:01 PM"	"%RH"	56.549
"3/19/12 1:19:01 PM"	"%RH"	44.597
"3/19/12 2:19:01 PM"	"%RH"	31.433
"3/19/12 3:19:01 PM"	"%RH"	33.352
"3/19/12 4:19:01 PM"	"%RH"	59.448
"3/19/12 5:19:01 PM"	"%RH"	62.311
"3/19/12 6:19:01 PM"	"%RH"	63.447
"3/19/12 7:19:01 PM"	"%RH"	55.965
"3/19/12 8:19:01 PM"	"%RH"	54.793
"3/19/12 9:19:01 PM"	"%RH"	55.38
"3/19/12 10:19:01 PM"	"%RH"	78.215
"3/19/12 11:19:01 PM"	"%RH"	84.955
"3/20/12 12:19:01 AM"	"%RH"	92.92
"3/20/12 1:19:01 AM"	"%RH"	97.239
"3/20/12 2:19:01 AM"	"%RH"	99.589
"3/20/12 3:19:01 AM"	"%RH"	96.765
"3/20/12 4:19:01 AM"	"%RH"	94.854
"3/20/12 5:19:01 AM"	"%RH"	96.765
"3/20/12 6:19:01 AM"	"%RH"	96.289
"3/20/12 7:19:01 AM"	"%RH"	96.289
"3/20/12 8:19:01 AM"	"%RH"	88.983
"3/20/12 9:19:01 AM"	"%RH"	73.408
"3/20/12 10:19:01 AM"	"%RH"	58.293
"3/20/12 11:19:01 AM"	"%RH"	57.132
"3/20/12 12:19:01 PM"	"%RH"	45.818
"3/20/12 1:19:01 PM"	"%RH"	47.033
"3/20/12 2:19:01 PM"	"%RH"	43.984
"3/20/12 3:19:01 PM"	"%RH"	43.984
"3/20/12 4:19:01 PM"	"%RH"	43.37
"3/20/12 5:19:01 PM"	"%RH"	44.597
"3/20/12 6:19:01 PM"	"%RH"	87.483
"3/20/12 7:19:01 PM"	"%RH"	91.944
"3/20/12 8:19:01 PM"	"%RH"	83.934
"3/20/12 9:19:01 PM"	"%RH"	77.157
"3/20/12 10:19:01 PM"	"%RH"	83.421
"3/20/12 11:19:01 PM"	"%RH"	68.485
"3/21/12 12:19:01 AM"	"%RH"	69.038
"3/21/12 1:19:01 AM"	"%RH"	76.626
"3/21/12 2:19:01 AM"	"%RH"	66.818
"3/21/12 3:19:01 AM"	"%RH"	64.012
"3/21/12 4:19:01 AM"	"%RH"	65.7
"3/21/12 5:19:01 AM"	"%RH"	77.687
"3/21/12 6:19:01 AM"	"%RH"	74.486
"3/21/12 7:19:01 AM"	"%RH"	76.093
"3/21/12 8:19:01 AM"	"%RH"	73.408
"3/21/12 9:19:01 AM"	"%RH"	42.138
"3/21/12 10:19:01 AM"	"%RH"	32.713
"3/21/12 11:19:01 AM"	"%RH"	30.79
"3/21/12 12:19:01 PM"	"%RH"	22.968
"3/21/12 1:19:01 PM"	"%RH"	21.645
"3/21/12 2:19:01 PM"	"%RH"	19.648
"3/21/12 3:19:01 PM"	"%RH"	16.293
"3/21/12 4:19:01 PM"	"%RH"	14.941
"3/21/12 5:19:01 PM"	"%RH"	17.64
"3/21/12 6:19:01 PM"	"%RH"	20.315
"3/21/12 7:19:01 PM"	"%RH"	20.981
"3/21/12 8:19:01 PM"	"%RH"	26.905
"3/21/12 9:19:01 PM"	"%RH"	31.433
"3/21/12 10:19:01 PM"	"%RH"	28.854
"3/21/12 11:19:01 PM"	"%RH"	30.79
"3/22/12 12:19:01 AM"	"%RH"	36.522
"3/22/12 1:19:01 AM"	"%RH"	42.138
"3/22/12 2:19:01 AM"	"%RH"	43.37
"3/22/12 3:19:01 AM"	"%RH"	46.426
"3/22/12 4:19:01 AM"	"%RH"	43.984
"3/22/12 5:19:01 AM"	"%RH"	39.032
"3/22/12 6:19:01 AM"	"%RH"	39.032
"3/22/12 7:19:01 AM"	"%RH"	45.818
"3/22/12 8:19:01 AM"	"%RH"	35.258
"3/22/12 9:19:01 AM"	"%RH"	26.905
"3/22/12 10:19:01 AM"	"%RH"	20.981
"3/22/12 11:19:01 AM"	"%RH"	24.286
"3/22/12 12:19:01 PM"	"%RH"	20.315
"3/22/12 1:19:01 PM"	"%RH"	18.98
"3/22/12 2:19:01 PM"	"%RH"	17.64
"3/22/12 3:19:01 PM"	"%RH"	14.263
"3/22/12 4:19:01 PM"	"%RH"	12.22
"3/22/12 5:19:01 PM"	"%RH"	16.293
"3/22/12 6:19:01 PM"	"%RH"	16.967
"3/22/12 7:19:01 PM"	"%RH"	26.905
"3/22/12 8:19:01 PM"	"%RH"	30.79
"3/22/12 9:19:01 PM"	"%RH"	33.989
"3/22/12 10:19:01 PM"	"%RH"	33.989
"3/22/12 11:19:01 PM"	"%RH"	32.713
"3/23/12 12:19:01 AM"	"%RH"	32.074
"3/23/12 1:19:01 AM"	"%RH"	33.989
"3/23/12 2:19:01 AM"	"%RH"	35.258
"3/23/12 3:19:01 AM"	"%RH"	38.407
"3/23/12 4:19:01 AM"	"%RH"	39.032
"3/23/12 5:19:01 AM"	"%RH"	40.279
"3/23/12 6:19:01 AM"	"%RH"	43.984
"3/23/12 7:19:01 AM"	"%RH"	39.656
"3/23/12 8:19:01 AM"	"%RH"	41.519
"3/23/12 9:19:01 AM"	"%RH"	22.968
"3/23/12 10:19:01 AM"	"%RH"	17.64
"3/23/12 11:19:01 AM"	"%RH"	19.648
"3/23/12 12:19:01 PM"	"%RH"	14.263
"3/23/12 1:19:01 PM"	"%RH"	14.941
"3/23/12 2:19:01 PM"	"%RH"	12.902
"3/23/12 3:19:01 PM"	"%RH"	10.85
"3/23/12 4:19:01 PM"	"%RH"	10.85
"3/23/12 5:19:01 PM"	"%RH"	12.902
"3/23/12 6:19:01 PM"	"%RH"	14.263
"3/23/12 7:19:01 PM"	"%RH"	22.968
"3/23/12 8:19:01 PM"	"%RH"	29.501
"3/23/12 9:19:01 PM"	"%RH"	33.352
"3/23/12 10:19:01 PM"	"%RH"	35.891
"3/23/12 11:19:01 PM"	"%RH"	37.78
"3/24/12 12:19:01 AM"	"%RH"	39.032
"3/24/12 1:19:01 AM"	"%RH"	40.9
"3/24/12 2:19:01 AM"	"%RH"	42.138
"3/24/12 3:19:01 AM"	"%RH"	39.656
"3/24/12 4:19:01 AM"	"%RH"	40.9
"3/24/12 5:19:01 AM"	"%RH"	41.519
"3/24/12 6:19:01 AM"	"%RH"	47.033
"3/24/12 7:19:01 AM"	"%RH"	45.818
"3/24/12 8:19:01 AM"	"%RH"	42.755
"3/24/12 9:19:01 AM"	"%RH"	22.968
"3/24/12 10:19:01 AM"	"%RH"	13.583
"3/24/12 11:19:01 AM"	"%RH"	14.941
"3/24/12 12:19:01 PM"	"%RH"	10.85
"3/24/12 1:19:01 PM"	"%RH"	10.164
"3/24/12 2:19:01 PM"	"%RH"	8.786
"3/24/12 3:19:01 PM"	"%RH"	7.402
"3/24/12 4:19:01 PM"	"%RH"	8.095
"3/24/12 5:19:01 PM"	"%RH"	9.475
"3/24/12 6:19:01 PM"	"%RH"	10.85
"3/24/12 7:19:01 PM"	"%RH"	20.315
"3/24/12 8:19:01 PM"	"%RH"	26.252
"3/24/12 9:19:01 PM"	"%RH"	28.854
"3/24/12 10:19:01 PM"	"%RH"	34.624
"3/24/12 11:19:01 PM"	"%RH"	37.151
"3/25/12 12:19:01 AM"	"%RH"	35.258
"3/25/12 1:19:01 AM"	"%RH"	37.151
"3/25/12 2:19:01 AM"	"%RH"	30.146
"3/25/12 3:19:01 AM"	"%RH"	32.713
"3/25/12 4:19:01 AM"	"%RH"	33.352
"3/25/12 5:19:01 AM"	"%RH"	33.352
"3/25/12 6:19:01 AM"	"%RH"	31.433
"3/25/12 7:19:01 AM"	"%RH"	29.501
"3/25/12 8:19:01 AM"	"%RH"	24.943
"3/25/12 9:19:01 AM"	"%RH"	17.64
"3/25/12 10:19:01 AM"	"%RH"	14.941
"3/25/12 11:19:01 AM"	"%RH"	17.64
"3/25/12 12:19:01 PM"	"%RH"	14.263
"3/25/12 1:19:01 PM"	"%RH"	12.902
"3/25/12 2:19:01 PM"	"%RH"	13.583
"3/25/12 3:19:01 PM"	"%RH"	12.22
"3/25/12 4:19:01 PM"	"%RH"	11.536
"3/25/12 5:19:01 PM"	"%RH"	16.293
"3/25/12 6:19:01 PM"	"%RH"	14.941
"3/25/12 7:19:01 PM"	"%RH"	19.648
"3/25/12 8:19:01 PM"	"%RH"	28.206
"3/25/12 9:19:01 PM"	"%RH"	41.519
"3/25/12 10:19:01 PM"	"%RH"	46.426
"3/25/12 11:19:01 PM"	"%RH"	42.755
"3/26/12 12:19:01 AM"	"%RH"	35.258
"3/26/12 1:19:01 AM"	"%RH"	37.151
"3/26/12 2:19:01 AM"	"%RH"	47.033
"3/26/12 3:19:01 AM"	"%RH"	41.519
"3/26/12 4:19:01 AM"	"%RH"	37.78
"3/26/12 5:19:01 AM"	"%RH"	41.519
"3/26/12 6:19:01 AM"	"%RH"	44.597
"3/26/12 7:19:01 AM"	"%RH"	43.37
"3/26/12 8:19:01 AM"	"%RH"	43.37
"3/26/12 9:19:01 AM"	"%RH"	41.519
"3/26/12 10:19:01 AM"	"%RH"	33.989
"3/26/12 11:19:01 AM"	"%RH"	33.352
"3/26/12 12:19:01 PM"	"%RH"	26.252
"3/26/12 1:19:01 PM"	"%RH"	22.307
"3/26/12 2:19:01 PM"	"%RH"	21.645
"3/26/12 3:19:01 PM"	"%RH"	18.311
"3/26/12 4:19:01 PM"	"%RH"	16.967
"3/26/12 5:19:01 PM"	"%RH"	20.315
"3/26/12 6:19:01 PM"	"%RH"	19.648
"3/26/12 7:19:01 PM"	"%RH"	25.598
"3/26/12 8:19:01 PM"	"%RH"	32.074
"3/26/12 9:19:01 PM"	"%RH"	42.755
"3/26/12 10:19:01 PM"	"%RH"	63.447
"3/26/12 11:19:01 PM"	"%RH"	78.215
"3/27/12 12:19:01 AM"	"%RH"	78.742
"3/27/12 1:19:01 AM"	"%RH"	77.687
"3/27/12 2:19:01 AM"	"%RH"	74.486
"3/27/12 3:19:01 AM"	"%RH"	71.78
"3/27/12 4:19:01 AM"	"%RH"	74.486
"3/27/12 5:19:01 AM"	"%RH"	71.234
"3/27/12 6:19:01 AM"	"%RH"	75.559
"3/27/12 7:19:01 AM"	"%RH"	80.836
"3/27/12 8:19:01 AM"	"%RH"	81.875
"3/27/12 9:19:01 AM"	"%RH"	42.755
"3/27/12 10:19:01 AM"	"%RH"	26.905
"3/27/12 11:19:01 AM"	"%RH"	30.79
"3/27/12 12:19:01 PM"	"%RH"	32.074
"3/27/12 1:19:01 PM"	"%RH"	34.624
"3/27/12 2:19:01 PM"	"%RH"	35.258
"3/27/12 3:19:01 PM"	"%RH"	35.258
"3/27/12 4:19:01 PM"	"%RH"	37.151
"3/27/12 5:19:01 PM"	"%RH"	24.943
"3/27/12 6:19:01 PM"	"%RH"	29.501
"3/27/12 7:19:01 PM"	"%RH"	48.242
"3/27/12 8:19:01 PM"	"%RH"	62.311
"3/27/12 9:19:01 PM"	"%RH"	55.38
"3/27/12 10:19:01 PM"	"%RH"	48.845
"3/27/12 11:19:01 PM"	"%RH"	62.311
"3/28/12 12:19:01 AM"	"%RH"	62.88
"3/28/12 1:19:01 AM"	"%RH"	62.88
"3/28/12 2:19:01 AM"	"%RH"	63.447
"3/28/12 3:19:01 AM"	"%RH"	58.293
"3/28/12 4:19:01 AM"	"%RH"	52.431
"3/28/12 5:19:01 AM"	"%RH"	54.204
"3/28/12 6:19:01 AM"	"%RH"	55.965
"3/28/12 7:19:01 AM"	"%RH"	60.598
"3/28/12 8:19:01 AM"	"%RH"	57.132
"3/28/12 9:19:01 AM"	"%RH"	26.252
"3/28/12 10:19:01 AM"	"%RH"	23.628
"3/28/12 11:19:01 AM"	"%RH"	22.307
"3/28/12 12:19:01 PM"	"%RH"	20.981
"3/28/12 1:19:01 PM"	"%RH"	22.968
"3/28/12 2:19:01 PM"	"%RH"	26.905
"3/28/12 3:19:01 PM"	"%RH"	20.981
"3/28/12 4:19:01 PM"	"%RH"	18.311
"3/28/12 5:19:01 PM"	"%RH"	24.943
"3/28/12 6:19:01 PM"	"%RH"	26.905
"3/28/12 7:19:01 PM"	"%RH"	24.286
"3/28/12 8:19:01 PM"	"%RH"	30.146
"3/28/12 9:19:01 PM"	"%RH"	42.755
"3/28/12 10:19:01 PM"	"%RH"	53.614
"3/28/12 11:19:01 PM"	"%RH"	47.638
"3/29/12 12:19:01 AM"	"%RH"	41.519
"3/29/12 1:19:01 AM"	"%RH"	59.448
"3/29/12 2:19:01 AM"	"%RH"	51.241
"3/29/12 3:19:01 AM"	"%RH"	45.818
"3/29/12 4:19:01 AM"	"%RH"	47.638
"3/29/12 5:19:01 AM"	"%RH"	46.426
"3/29/12 6:19:01 AM"	"%RH"	51.837
"3/29/12 7:19:01 AM"	"%RH"	54.793
"3/29/12 8:19:01 AM"	"%RH"	47.033
"3/29/12 9:19:01 AM"	"%RH"	25.598
"3/29/12 10:19:01 AM"	"%RH"	28.206
"3/29/12 11:19:01 AM"	"%RH"	26.252
"3/29/12 12:19:01 PM"	"%RH"	24.943
"3/29/12 1:19:01 PM"	"%RH"	35.258
"3/29/12 2:19:01 PM"	"%RH"	35.258
"3/29/12 3:19:01 PM"	"%RH"	35.891
"3/29/12 4:19:01 PM"	"%RH"	24.943
"3/29/12 5:19:01 PM"	"%RH"	26.905
"3/29/12 6:19:01 PM"	"%RH"	28.206
"3/29/12 7:19:01 PM"	"%RH"	31.433
"3/29/12 8:19:01 PM"	"%RH"	41.519
"3/29/12 9:19:01 PM"	"%RH"	40.9
"3/29/12 10:19:01 PM"	"%RH"	41.519
"3/29/12 11:19:01 PM"	"%RH"	48.845
"3/30/12 12:19:01 AM"	"%RH"	54.204
"3/30/12 1:19:01 AM"	"%RH"	55.38
"3/30/12 2:19:01 AM"	"%RH"	58.871
"3/30/12 3:19:01 AM"	"%RH"	57.132
"3/30/12 4:19:01 AM"	"%RH"	53.614
"3/30/12 5:19:01 AM"	"%RH"	60.598
"3/30/12 6:19:01 AM"	"%RH"	54.204
"3/30/12 7:19:01 AM"	"%RH"	30.79
"3/30/12 8:19:01 AM"	"%RH"	20.981
"3/30/12 9:19:01 AM"	"%RH"	12.22
"3/30/12 10:19:01 AM"	"%RH"	12.22
"3/30/12 11:19:01 AM"	"%RH"	14.263
"3/30/12 12:19:01 PM"	"%RH"	13.583
"3/30/12 1:19:01 PM"	"%RH"	13.583
"3/30/12 2:19:01 PM"	"%RH"	12.902
"3/30/12 3:19:01 PM"	"%RH"	11.536
"3/30/12 4:19:01 PM"	"%RH"	10.164
"3/30/12 5:19:01 PM"	"%RH"	11.536
"3/30/12 6:19:01 PM"	"%RH"	12.22
"3/30/12 7:19:01 PM"	"%RH"	16.967
"3/30/12 8:19:01 PM"	"%RH"	22.307
"3/30/12 9:19:01 PM"	"%RH"	22.968
"3/30/12 10:19:01 PM"	"%RH"	24.286
"3/30/12 11:19:01 PM"	"%RH"	27.556
"3/31/12 12:19:01 AM"	"%RH"	28.206
"3/31/12 1:19:01 AM"	"%RH"	30.146
"3/31/12 2:19:01 AM"	"%RH"	30.146
"3/31/12 3:19:01 AM"	"%RH"	32.074
"3/31/12 4:19:01 AM"	"%RH"	32.074
"3/31/12 5:19:01 AM"	"%RH"	35.891
"3/31/12 6:19:01 AM"	"%RH"	37.78
"3/31/12 7:19:01 AM"	"%RH"	36.522
"3/31/12 8:19:01 AM"	"%RH"	20.315
"3/31/12 9:19:01 AM"	"%RH"	12.22
"3/31/12 10:19:01 AM"	"%RH"	14.941
"3/31/12 11:19:01 AM"	"%RH"	14.941
"3/31/12 12:19:01 PM"	"%RH"	11.536
"3/31/12 1:19:01 PM"	"%RH"	10.85
"3/31/12 2:19:01 PM"	"%RH"	8.095
"3/31/12 3:19:01 PM"	"%RH"	9.475
"3/31/12 4:19:01 PM"	"%RH"	9.475
"3/31/12 5:19:01 PM"	"%RH"	8.786
"3/31/12 6:19:01 PM"	"%RH"	9.475
"3/31/12 7:19:01 PM"	"%RH"	15.618
"3/31/12 8:19:01 PM"	"%RH"	22.307
"3/31/12 9:19:01 PM"	"%RH"	24.286
"3/31/12 10:19:01 PM"	"%RH"	26.252
"3/31/12 11:19:01 PM"	"%RH"	26.905
"4/1/12 12:19:01 AM"	"%RH"	26.905
"4/1/12 1:19:01 AM"	"%RH"	28.854
"4/1/12 3:19:01 AM"	"%RH"	24.943
"4/1/12 4:19:01 AM"	"%RH"	20.981
"4/1/12 5:19:01 AM"	"%RH"	22.968
"4/1/12 6:19:01 AM"	"%RH"	26.905
"4/1/12 7:19:01 AM"	"%RH"	29.501
"4/1/12 8:19:01 AM"	"%RH"	29.501
"4/1/12 9:19:01 AM"	"%RH"	20.315
"4/1/12 10:19:01 AM"	"%RH"	11.536
"4/1/12 11:19:01 AM"	"%RH"	12.902
"4/1/12 12:19:01 PM"	"%RH"	12.22
"4/1/12 1:19:01 PM"	"%RH"	10.85
"4/1/12 2:19:01 PM"	"%RH"	9.475
"4/1/12 3:19:01 PM"	"%RH"	10.164
"4/1/12 4:19:01 PM"	"%RH"	8.786
"4/1/12 5:19:01 PM"	"%RH"	7.402
"4/1/12 6:19:01 PM"	"%RH"	6.708
"4/1/12 7:19:01 PM"	"%RH"	6.013
"4/1/12 8:19:01 PM"	"%RH"	8.095
"4/1/12 9:19:01 PM"	"%RH"	12.22
"4/1/12 10:19:01 PM"	"%RH"	16.293
"4/1/12 11:19:01 PM"	"%RH"	16.967
"4/2/12 12:19:01 AM"	"%RH"	16.967
"4/2/12 1:19:01 AM"	"%RH"	19.648
"4/2/12 2:19:01 AM"	"%RH"	20.981
"4/2/12 3:19:01 AM"	"%RH"	18.98
"4/2/12 4:19:01 AM"	"%RH"	18.311
"4/2/12 5:19:01 AM"	"%RH"	16.293
"4/2/12 6:19:01 AM"	"%RH"	18.311
"4/2/12 7:19:01 AM"	"%RH"	19.648
"4/2/12 8:19:01 AM"	"%RH"	20.315
"4/2/12 9:19:01 AM"	"%RH"	22.968
"4/2/12 10:19:01 AM"	"%RH"	17.64
"4/2/12 11:19:01 AM"	"%RH"	28.206
"4/2/12 12:19:01 PM"	"%RH"	26.905
"4/2/12 1:19:01 PM"	"%RH"	22.307
"4/2/12 2:19:01 PM"	"%RH"	18.98
"4/2/12 3:19:01 PM"	"%RH"	15.618
"4/2/12 4:19:01 PM"	"%RH"	14.263
"4/2/12 5:19:01 PM"	"%RH"	14.263
"4/2/12 6:19:01 PM"	"%RH"	16.293
"4/2/12 7:19:01 PM"	"%RH"	16.967
"4/2/12 8:19:01 PM"	"%RH"	20.315
"4/2/12 9:19:01 PM"	"%RH"	22.968
"4/2/12 10:19:01 PM"	"%RH"	23.628
"4/2/12 11:19:01 PM"	"%RH"	22.307
"4/3/12 12:19:01 AM"	"%RH"	27.556
"4/3/12 1:19:01 AM"	"%RH"	30.146
"4/3/12 2:19:01 AM"	"%RH"	34.624
"4/3/12 3:19:01 AM"	"%RH"	31.433
"4/3/12 4:19:01 AM"	"%RH"	26.905
"4/3/12 5:19:01 AM"	"%RH"	31.433
"4/3/12 6:19:01 AM"	"%RH"	36.522
"4/3/12 7:19:01 AM"	"%RH"	42.138
"4/3/12 8:19:01 AM"	"%RH"	38.407
"4/3/12 9:19:01 AM"	"%RH"	40.279
"4/3/12 10:19:01 AM"	"%RH"	20.981
"4/3/12 11:19:01 AM"	"%RH"	25.598
"4/3/12 12:19:01 PM"	"%RH"	21.645
"4/3/12 1:19:01 PM"	"%RH"	20.315
"4/3/12 2:19:01 PM"	"%RH"	16.293
"4/3/12 3:19:01 PM"	"%RH"	14.263
"4/3/12 4:19:01 PM"	"%RH"	12.22
"4/3/12 5:19:01 PM"	"%RH"	12.22
"4/3/12 6:19:01 PM"	"%RH"	13.583
"4/3/12 7:19:01 PM"	"%RH"	13.583
"4/3/12 8:19:01 PM"	"%RH"	18.311
"4/3/12 9:19:01 PM"	"%RH"	26.905
"4/3/12 10:19:01 PM"	"%RH"	29.501
"4/3/12 11:19:01 PM"	"%RH"	32.713
"4/4/12 12:19:01 AM"	"%RH"	36.522
"4/4/12 1:19:01 AM"	"%RH"	41.519
"4/4/12 2:19:01 AM"	"%RH"	49.446
"4/4/12 3:19:01 AM"	"%RH"	45.208
"4/4/12 4:19:01 AM"	"%RH"	39.032
"4/4/12 5:19:01 AM"	"%RH"	38.407
"4/4/12 6:19:01 AM"	"%RH"	40.9
"4/4/12 7:19:01 AM"	"%RH"	48.845
"4/4/12 8:19:01 AM"	"%RH"	54.204
"4/4/12 9:19:01 AM"	"%RH"	29.501
"4/4/12 10:19:01 AM"	"%RH"	15.618
"4/4/12 11:19:01 AM"	"%RH"	16.967
"4/4/12 12:19:01 PM"	"%RH"	16.967
"4/4/12 1:19:01 PM"	"%RH"	16.293
"4/4/12 2:19:01 PM"	"%RH"	13.583
"4/4/12 3:19:01 PM"	"%RH"	13.583
"4/4/12 4:19:01 PM"	"%RH"	10.85
"4/4/12 5:19:01 PM"	"%RH"	10.164
"4/4/12 6:19:01 PM"	"%RH"	11.536
"4/4/12 7:19:01 PM"	"%RH"	11.536
"4/4/12 8:19:01 PM"	"%RH"	16.967
"4/4/12 9:19:01 PM"	"%RH"	22.307
"4/4/12 10:19:01 PM"	"%RH"	28.854
"4/4/12 11:19:01 PM"	"%RH"	30.146
"4/5/12 12:19:01 AM"	"%RH"	32.074
"4/5/12 1:19:01 AM"	"%RH"	32.074
"4/5/12 2:19:01 AM"	"%RH"	30.146
"4/5/12 3:19:01 AM"	"%RH"	33.989
"4/5/12 4:19:01 AM"	"%RH"	35.891
"4/5/12 5:19:01 AM"	"%RH"	36.522
"4/5/12 6:19:01 AM"	"%RH"	38.407
"4/5/12 7:19:01 AM"	"%RH"	41.519
"4/5/12 8:19:01 AM"	"%RH"	37.78
"4/5/12 9:19:01 AM"	"%RH"	32.074
"4/5/12 10:19:01 AM"	"%RH"	12.902
"4/5/12 11:19:01 AM"	"%RH"	12.902
"4/5/12 12:19:01 PM"	"%RH"	11.536
"4/5/12 1:19:01 PM"	"%RH"	10.85
"4/5/12 2:19:01 PM"	"%RH"	9.475
"4/5/12 3:19:01 PM"	"%RH"	8.095
"4/5/12 4:19:01 PM"	"%RH"	6.013
"4/5/12 5:19:01 PM"	"%RH"	6.013
"4/5/12 6:19:01 PM"	"%RH"	8.095
"4/5/12 7:19:01 PM"	"%RH"	6.708
"4/5/12 8:19:01 PM"	"%RH"	10.85
"4/5/12 9:19:01 PM"	"%RH"	17.64
"4/5/12 10:19:01 PM"	"%RH"	19.648
"4/5/12 11:19:01 PM"	"%RH"	20.981
"4/6/12 12:19:01 AM"	"%RH"	20.981
"4/6/12 1:19:01 AM"	"%RH"	14.263
"4/6/12 2:19:01 AM"	"%RH"	14.941
"4/6/12 3:19:01 AM"	"%RH"	18.311
"4/6/12 4:19:01 AM"	"%RH"	25.598
"4/6/12 5:19:01 AM"	"%RH"	28.206
"4/6/12 6:19:01 AM"	"%RH"	32.713
"4/6/12 7:19:01 AM"	"%RH"	33.989
"4/6/12 8:19:01 AM"	"%RH"	40.9
"4/6/12 9:19:01 AM"	"%RH"	32.074
"4/6/12 10:19:01 AM"	"%RH"	12.902
"4/6/12 11:19:01 AM"	"%RH"	12.902
"4/6/12 12:19:01 PM"	"%RH"	12.22
"4/6/12 1:19:01 PM"	"%RH"	10.164
"4/6/12 2:19:01 PM"	"%RH"	8.786
"4/6/12 3:19:01 PM"	"%RH"	7.402
"4/6/12 4:19:01 PM"	"%RH"	6.708
"4/6/12 5:19:01 PM"	"%RH"	6.708
"4/6/12 6:19:01 PM"	"%RH"	8.095
"4/6/12 7:19:01 PM"	"%RH"	8.095
"4/6/12 8:19:01 PM"	"%RH"	12.902
"4/6/12 9:19:01 PM"	"%RH"	15.618
"4/6/12 10:19:01 PM"	"%RH"	18.311
"4/6/12 11:19:01 PM"	"%RH"	20.981
"4/7/12 12:19:01 AM"	"%RH"	24.286
"4/7/12 1:19:01 AM"	"%RH"	33.352
"4/7/12 2:19:01 AM"	"%RH"	45.818
"4/7/12 3:19:01 AM"	"%RH"	51.241
"4/7/12 4:19:01 AM"	"%RH"	54.793
"4/7/12 5:19:01 AM"	"%RH"	58.293
"4/7/12 6:19:01 AM"	"%RH"	63.447
"4/7/12 7:19:01 AM"	"%RH"	66.818
"4/7/12 8:19:01 AM"	"%RH"	69.038
"4/7/12 9:19:01 AM"	"%RH"	58.293
"4/7/12 10:19:01 AM"	"%RH"	39.032
"4/7/12 11:19:01 AM"	"%RH"	37.151
"4/7/12 12:19:01 PM"	"%RH"	32.713
"4/7/12 1:19:01 PM"	"%RH"	23.628
"4/7/12 2:19:01 PM"	"%RH"	19.648
"4/7/12 3:19:01 PM"	"%RH"	14.941
"4/7/12 4:19:01 PM"	"%RH"	15.618
"4/7/12 5:19:01 PM"	"%RH"	23.628
"4/7/12 6:19:01 PM"	"%RH"	18.98
"4/7/12 7:19:01 PM"	"%RH"	25.598
"4/7/12 8:19:01 PM"	"%RH"	33.352
"4/7/12 9:19:01 PM"	"%RH"	37.151
"4/7/12 10:19:01 PM"	"%RH"	56.549
"4/7/12 11:19:01 PM"	"%RH"	64.576
"4/8/12 12:19:01 AM"	"%RH"	77.687
"4/8/12 1:19:01 AM"	"%RH"	80.315
"4/8/12 2:19:01 AM"	"%RH"	81.875
"4/8/12 3:19:01 AM"	"%RH"	82.907
"4/8/12 4:19:01 AM"	"%RH"	87.985
"4/8/12 5:19:01 AM"	"%RH"	90.963
"4/8/12 6:19:01 AM"	"%RH"	90.963
"4/8/12 7:19:01 AM"	"%RH"	83.421
"4/8/12 8:19:01 AM"	"%RH"	80.836
"4/8/12 9:19:01 AM"	"%RH"	75.023
"4/8/12 10:19:01 AM"	"%RH"	52.431
"4/8/12 11:19:01 AM"	"%RH"	53.023
"4/8/12 12:19:01 PM"	"%RH"	49.446
"4/8/12 1:19:01 PM"	"%RH"	42.755
"4/8/12 2:19:01 PM"	"%RH"	39.656
"4/8/12 3:19:01 PM"	"%RH"	32.074
"4/8/12 4:19:01 PM"	"%RH"	26.905
"4/8/12 5:19:01 PM"	"%RH"	30.79
"4/8/12 6:19:01 PM"	"%RH"	35.891
"4/8/12 7:19:01 PM"	"%RH"	46.426
"4/8/12 8:19:01 PM"	"%RH"	60.598
"4/8/12 9:19:01 PM"	"%RH"	69.038
"4/8/12 10:19:01 PM"	"%RH"	72.324
"4/8/12 11:19:01 PM"	"%RH"	78.742
"4/9/12 12:19:01 AM"	"%RH"	77.157
"4/9/12 1:19:01 AM"	"%RH"	78.742
"4/9/12 2:19:01 AM"	"%RH"	75.023
"4/9/12 3:19:01 AM"	"%RH"	69.038
"4/9/12 4:19:01 AM"	"%RH"	74.486
"4/9/12 5:19:01 AM"	"%RH"	85.464
"4/9/12 6:19:01 AM"	"%RH"	87.985
"4/9/12 7:19:01 AM"	"%RH"	91.944
"4/9/12 8:19:01 AM"	"%RH"	94.373
"4/9/12 9:19:01 AM"	"%RH"	76.626
"4/9/12 10:19:01 AM"	"%RH"	39.032
"4/9/12 11:19:01 AM"	"%RH"	38.407
"4/9/12 12:19:01 PM"	"%RH"	37.151
"4/9/12 1:19:01 PM"	"%RH"	37.78
"4/9/12 2:19:01 PM"	"%RH"	31.433
"4/9/12 3:19:01 PM"	"%RH"	29.501
"4/9/12 4:19:01 PM"	"%RH"	28.206
"4/9/12 5:19:01 PM"	"%RH"	27.556
"4/9/12 6:19:01 PM"	"%RH"	33.352
"4/9/12 7:19:01 PM"	"%RH"	32.713
"4/9/12 8:19:01 PM"	"%RH"	48.242
"4/9/12 9:19:01 PM"	"%RH"	64.576
"4/9/12 10:19:01 PM"	"%RH"	69.038
"4/9/12 11:19:01 PM"	"%RH"	62.88
"4/10/12 12:19:01 AM"	"%RH"	98.184
"4/10/12 1:19:01 AM"	"%RH"	101.903
"4/10/12 2:19:01 AM"	"%RH"	102.362
"4/10/12 3:19:01 AM"	"%RH"	92.92
"4/10/12 4:19:01 AM"	"%RH"	95.334
"4/10/12 5:19:01 AM"	"%RH"	94.854
"4/10/12 6:19:01 AM"	"%RH"	72.867
"4/10/12 7:19:01 AM"	"%RH"	70.687
"4/10/12 8:19:01 AM"	"%RH"	67.375
"4/10/12 9:19:01 AM"	"%RH"	61.742
"4/10/12 10:19:01 AM"	"%RH"	44.597
"4/10/12 11:19:01 AM"	"%RH"	41.519
"4/10/12 12:19:01 PM"	"%RH"	38.407
"4/10/12 1:19:01 PM"	"%RH"	42.755
"4/10/12 2:19:01 PM"	"%RH"	37.78
"4/10/12 3:19:01 PM"	"%RH"	46.426
"4/10/12 4:19:01 PM"	"%RH"	29.501
"4/10/12 5:19:01 PM"	"%RH"	23.628
"4/10/12 6:19:01 PM"	"%RH"	25.598
"4/10/12 7:19:01 PM"	"%RH"	36.522
"4/10/12 8:19:01 PM"	"%RH"	62.311
"4/10/12 9:19:01 PM"	"%RH"	70.139
"4/10/12 10:19:01 PM"	"%RH"	71.234
"4/10/12 11:19:01 PM"	"%RH"	82.392
"4/11/12 12:19:01 AM"	"%RH"	91.944
"4/11/12 1:19:01 AM"	"%RH"	97.712
"4/11/12 2:19:01 AM"	"%RH"	98.654
"4/11/12 3:19:01 AM"	"%RH"	84.445
"4/11/12 4:19:01 AM"	"%RH"	70.687
"4/11/12 5:19:01 AM"	"%RH"	96.289
"4/11/12 6:19:01 AM"	"%RH"	100.055
"4/11/12 7:19:01 AM"	"%RH"	100.055
"4/11/12 8:19:01 AM"	"%RH"	89.48
"4/11/12 9:19:01 AM"	"%RH"	77.157
"4/11/12 10:19:01 AM"	"%RH"	55.38
"4/11/12 11:19:01 AM"	"%RH"	53.023
"4/11/12 12:19:01 PM"	"%RH"	59.448
"4/11/12 1:19:01 PM"	"%RH"	50.046
"4/11/12 2:19:01 PM"	"%RH"	47.033
"4/11/12 3:19:01 PM"	"%RH"	41.519
"4/11/12 4:19:01 PM"	"%RH"	32.713
"4/11/12 5:19:01 PM"	"%RH"	33.989
"4/11/12 6:19:01 PM"	"%RH"	30.146
"4/11/12 7:19:01 PM"	"%RH"	26.252
"4/11/12 8:19:01 PM"	"%RH"	36.522
"4/11/12 9:19:01 PM"	"%RH"	51.241
"4/11/12 10:19:01 PM"	"%RH"	77.687
"4/11/12 11:19:01 PM"	"%RH"	77.157
"4/12/12 12:19:01 AM"	"%RH"	70.687
"4/12/12 1:19:01 AM"	"%RH"	72.867
"4/12/12 2:19:01 AM"	"%RH"	75.023
"4/12/12 3:19:01 AM"	"%RH"	78.215
"4/12/12 4:19:01 AM"	"%RH"	79.268
"4/12/12 5:19:01 AM"	"%RH"	80.836
"4/12/12 6:19:01 AM"	"%RH"	81.875
"4/12/12 7:19:01 AM"	"%RH"	77.687
"4/12/12 8:19:01 AM"	"%RH"	79.792
"4/12/12 9:19:01 AM"	"%RH"	60.024
"4/12/12 10:19:01 AM"	"%RH"	24.943
"4/12/12 11:19:01 AM"	"%RH"	29.501
"4/12/12 12:19:01 PM"	"%RH"	25.598
"4/12/12 1:19:01 PM"	"%RH"	25.598
"4/12/12 2:19:01 PM"	"%RH"	16.967
"4/12/12 3:19:01 PM"	"%RH"	15.618
"4/12/12 4:19:01 PM"	"%RH"	13.583
"4/12/12 5:19:01 PM"	"%RH"	14.941
"4/12/12 6:19:01 PM"	"%RH"	12.22
"4/12/12 7:19:01 PM"	"%RH"	18.98
"4/12/12 8:19:01 PM"	"%RH"	26.905
"4/12/12 9:19:01 PM"	"%RH"	43.984
"4/12/12 10:19:01 PM"	"%RH"	54.204
"4/12/12 11:19:01 PM"	"%RH"	51.241
"4/13/12 12:19:01 AM"	"%RH"	47.638
"4/13/12 1:19:01 AM"	"%RH"	56.549
"4/13/12 2:19:01 AM"	"%RH"	60.024
"4/13/12 3:19:01 AM"	"%RH"	58.293
"4/13/12 4:19:01 AM"	"%RH"	58.293
"4/13/12 5:19:01 AM"	"%RH"	58.293
"4/13/12 6:19:01 AM"	"%RH"	60.024
"4/13/12 7:19:01 AM"	"%RH"	57.713
"4/13/12 8:19:01 AM"	"%RH"	60.598
"4/13/12 9:19:01 AM"	"%RH"	39.032
"4/13/12 10:19:01 AM"	"%RH"	20.315
"4/13/12 11:19:01 AM"	"%RH"	16.967
"4/13/12 12:19:01 PM"	"%RH"	16.293
"4/13/12 1:19:01 PM"	"%RH"	13.583
"4/13/12 2:19:01 PM"	"%RH"	12.902
"4/13/12 3:19:01 PM"	"%RH"	12.22
"4/13/12 4:19:01 PM"	"%RH"	10.85
"4/13/12 5:19:01 PM"	"%RH"	9.475
"4/13/12 6:19:01 PM"	"%RH"	8.786
"4/13/12 7:19:01 PM"	"%RH"	9.475
"4/13/12 8:19:01 PM"	"%RH"	13.583
"4/13/12 9:19:01 PM"	"%RH"	15.618
"4/13/12 10:19:01 PM"	"%RH"	26.252
"4/13/12 11:19:01 PM"	"%RH"	48.242
"4/14/12 12:19:01 AM"	"%RH"	50.644
"4/14/12 1:19:01 AM"	"%RH"	60.598
"4/14/12 2:19:01 AM"	"%RH"	56.549
"4/14/12 3:19:01 AM"	"%RH"	26.905
"4/14/12 4:19:01 AM"	"%RH"	24.286
"4/14/12 5:19:01 AM"	"%RH"	18.98
"4/14/12 6:19:01 AM"	"%RH"	16.293
"4/14/12 7:19:01 AM"	"%RH"	12.902
"4/14/12 8:19:01 AM"	"%RH"	16.967
"4/14/12 9:19:01 AM"	"%RH"	16.293
"4/14/12 10:19:01 AM"	"%RH"	12.22
"4/14/12 11:19:01 AM"	"%RH"	10.164
"4/14/12 12:19:01 PM"	"%RH"	9.475
"4/14/12 1:19:01 PM"	"%RH"	9.475
"4/14/12 2:19:01 PM"	"%RH"	8.786
"4/14/12 3:19:01 PM"	"%RH"	7.402
"4/14/12 4:19:01 PM"	"%RH"	7.402
"4/14/12 5:19:01 PM"	"%RH"	7.402
"4/14/12 6:19:01 PM"	"%RH"	7.402
"4/14/12 7:19:01 PM"	"%RH"	6.013
"4/14/12 8:19:01 PM"	"%RH"	10.164
"4/14/12 9:19:01 PM"	"%RH"	11.536
"4/14/12 10:19:01 PM"	"%RH"	11.536
"4/14/12 11:19:01 PM"	"%RH"	28.854
"4/15/12 12:19:01 AM"	"%RH"	36.522
"4/15/12 1:19:01 AM"	"%RH"	47.033
"4/15/12 2:19:01 AM"	"%RH"	56.549
"4/15/12 3:19:01 AM"	"%RH"	61.742
"4/15/12 4:19:01 AM"	"%RH"	62.88
"4/15/12 5:19:01 AM"	"%RH"	53.023
"4/15/12 6:19:01 AM"	"%RH"	50.046
"4/15/12 7:19:01 AM"	"%RH"	50.046
"4/15/12 8:19:01 AM"	"%RH"	48.845
"4/15/12 9:19:01 AM"	"%RH"	47.638
"4/15/12 10:19:01 AM"	"%RH"	35.891
"4/15/12 11:19:01 AM"	"%RH"	35.891
"4/15/12 12:19:01 PM"	"%RH"	30.146
"4/15/12 1:19:01 PM"	"%RH"	22.968
"4/15/12 2:19:01 PM"	"%RH"	19.648
"4/15/12 3:19:01 PM"	"%RH"	16.293
"4/15/12 4:19:01 PM"	"%RH"	13.583
"4/15/12 5:19:01 PM"	"%RH"	14.263
"4/15/12 6:19:01 PM"	"%RH"	12.22
"4/15/12 7:19:01 PM"	"%RH"	13.583
"4/15/12 8:19:01 PM"	"%RH"	16.293
"4/15/12 9:19:01 PM"	"%RH"	29.501
"4/15/12 10:19:01 PM"	"%RH"	37.78
"4/15/12 11:19:01 PM"	"%RH"	42.755
"4/16/12 12:19:01 AM"	"%RH"	46.426
"4/16/12 1:19:01 AM"	"%RH"	46.426
"4/16/12 2:19:01 AM"	"%RH"	50.046
"4/16/12 3:19:01 AM"	"%RH"	53.023
"4/16/12 4:19:01 AM"	"%RH"	51.241
"4/16/12 5:19:01 AM"	"%RH"	55.965
"4/16/12 6:19:01 AM"	"%RH"	58.293
"4/16/12 7:19:01 AM"	"%RH"	64.012
"4/16/12 8:19:01 AM"	"%RH"	57.132
"4/16/12 9:19:01 AM"	"%RH"	42.755
"4/16/12 10:19:01 AM"	"%RH"	19.648
"4/16/12 11:19:01 AM"	"%RH"	17.64
"4/16/12 12:19:01 PM"	"%RH"	16.293
"4/16/12 1:19:01 PM"	"%RH"	12.902
"4/16/12 2:19:01 PM"	"%RH"	12.902
"4/16/12 3:19:01 PM"	"%RH"	11.536
"4/16/12 4:19:01 PM"	"%RH"	9.475
"4/16/12 5:19:01 PM"	"%RH"	10.85
"4/16/12 6:19:01 PM"	"%RH"	10.85
"4/16/12 7:19:01 PM"	"%RH"	9.475
"4/16/12 8:19:01 PM"	"%RH"	14.263
"4/16/12 9:19:01 PM"	"%RH"	26.252
"4/16/12 10:19:01 PM"	"%RH"	35.891
"4/16/12 11:19:01 PM"	"%RH"	40.279
"4/17/12 12:19:01 AM"	"%RH"	34.624
"4/17/12 1:19:01 AM"	"%RH"	40.279
"4/17/12 2:19:01 AM"	"%RH"	45.208
"4/17/12 3:19:01 AM"	"%RH"	45.818
"4/17/12 4:19:01 AM"	"%RH"	50.046
"4/17/12 5:19:01 AM"	"%RH"	51.837
"4/17/12 6:19:01 AM"	"%RH"	58.293
"4/17/12 7:19:01 AM"	"%RH"	60.598
"4/17/12 8:19:01 AM"	"%RH"	57.713
"4/17/12 9:19:01 AM"	"%RH"	33.989
"4/17/12 10:19:01 AM"	"%RH"	22.968
"4/17/12 11:19:01 AM"	"%RH"	19.648
"4/17/12 12:19:01 PM"	"%RH"	19.648
"4/17/12 1:19:01 PM"	"%RH"	14.941
"4/17/12 2:19:01 PM"	"%RH"	14.263
"4/17/12 3:19:01 PM"	"%RH"	10.164
"4/17/12 4:19:01 PM"	"%RH"	10.85
"4/17/12 5:19:01 PM"	"%RH"	11.536
"4/17/12 6:19:01 PM"	"%RH"	10.85
"4/17/12 7:19:01 PM"	"%RH"	12.22
"4/17/12 8:19:01 PM"	"%RH"	20.315
"4/17/12 9:19:01 PM"	"%RH"	26.252
"4/17/12 10:19:01 PM"	"%RH"	26.905
"4/17/12 11:19:01 PM"	"%RH"	25.598
"4/18/12 12:19:01 AM"	"%RH"	28.206
"4/18/12 1:19:01 AM"	"%RH"	24.943
"4/18/12 2:19:01 AM"	"%RH"	26.252
"4/18/12 3:19:01 AM"	"%RH"	29.501
"4/18/12 4:19:01 AM"	"%RH"	32.713
"4/18/12 5:19:01 AM"	"%RH"	32.074
"4/18/12 6:19:01 AM"	"%RH"	30.146
"4/18/12 7:19:01 AM"	"%RH"	29.501
"4/18/12 8:19:01 AM"	"%RH"	28.854
"4/18/12 9:19:01 AM"	"%RH"	26.905
"4/18/12 10:19:01 AM"	"%RH"	24.286
"4/18/12 11:19:01 AM"	"%RH"	24.286
"4/18/12 12:19:01 PM"	"%RH"	22.307
"4/18/12 1:19:01 PM"	"%RH"	21.645
"4/18/12 2:19:01 PM"	"%RH"	16.293
"4/18/12 3:19:01 PM"	"%RH"	14.941
"4/18/12 4:19:01 PM"	"%RH"	11.536
"4/18/12 5:19:01 PM"	"%RH"	10.164
"4/18/12 6:19:01 PM"	"%RH"	8.786
"4/18/12 7:19:01 PM"	"%RH"	10.85
"4/18/12 8:19:01 PM"	"%RH"	17.64
"4/18/12 9:19:01 PM"	"%RH"	26.252
"4/18/12 10:19:01 PM"	"%RH"	23.628
"4/18/12 11:19:01 PM"	"%RH"	24.286
"4/19/12 12:19:01 AM"	"%RH"	24.286
"4/19/12 1:19:01 AM"	"%RH"	28.206
"4/19/12 2:19:01 AM"	"%RH"	30.146
"4/19/12 3:19:01 AM"	"%RH"	31.433
"4/19/12 4:19:01 AM"	"%RH"	31.433
"4/19/12 5:19:01 AM"	"%RH"	32.074
"4/19/12 6:19:01 AM"	"%RH"	39.032
"4/19/12 7:19:01 AM"	"%RH"	46.426
"4/19/12 8:19:01 AM"	"%RH"	45.208
"4/19/12 9:19:01 AM"	"%RH"	19.648
"4/19/12 10:19:01 AM"	"%RH"	12.902
"4/19/12 11:19:01 AM"	"%RH"	15.618
"4/19/12 12:19:01 PM"	"%RH"	12.902
"4/19/12 1:19:01 PM"	"%RH"	11.536
"4/19/12 2:19:01 PM"	"%RH"	11.536
"4/19/12 3:19:01 PM"	"%RH"	10.85
"4/19/12 4:19:01 PM"	"%RH"	10.164
"4/19/12 5:19:01 PM"	"%RH"	9.475
"4/19/12 6:19:01 PM"	"%RH"	12.22
"4/19/12 7:19:01 PM"	"%RH"	11.536
"4/19/12 8:19:01 PM"	"%RH"	14.263
"4/19/12 9:19:01 PM"	"%RH"	18.98
"4/19/12 10:19:01 PM"	"%RH"	26.252
"4/19/12 11:19:01 PM"	"%RH"	20.315
"4/20/12 12:19:01 AM"	"%RH"	22.307
"4/20/12 1:19:01 AM"	"%RH"	14.941
"4/20/12 2:19:01 AM"	"%RH"	16.967
"4/20/12 3:19:01 AM"	"%RH"	18.98
"4/20/12 4:19:01 AM"	"%RH"	28.206
"4/20/12 5:19:01 AM"	"%RH"	61.742
"4/20/12 6:19:01 AM"	"%RH"	71.234
"4/20/12 7:19:01 AM"	"%RH"	75.559
"4/20/12 8:19:01 AM"	"%RH"	80.315
"4/20/12 9:19:01 AM"	"%RH"	69.038
"4/20/12 10:19:01 AM"	"%RH"	48.845
"4/20/12 11:19:01 AM"	"%RH"	45.818
"4/20/12 12:19:01 PM"	"%RH"	42.755
"4/20/12 1:19:01 PM"	"%RH"	37.151
"4/20/12 2:19:01 PM"	"%RH"	34.624
"4/20/12 3:19:01 PM"	"%RH"	28.854
"4/20/12 4:19:01 PM"	"%RH"	24.286
"4/20/12 5:19:01 PM"	"%RH"	22.968
"4/20/12 6:19:01 PM"	"%RH"	24.943
"4/20/12 7:19:01 PM"	"%RH"	26.252
"4/20/12 8:19:01 PM"	"%RH"	38.407
"4/20/12 9:19:01 PM"	"%RH"	50.644
"4/20/12 10:19:01 PM"	"%RH"	57.713
"4/20/12 11:19:01 PM"	"%RH"	63.447
"4/21/12 12:19:01 AM"	"%RH"	66.26
"4/21/12 1:19:01 AM"	"%RH"	64.576
"4/21/12 2:19:01 AM"	"%RH"	60.024
"4/21/12 3:19:01 AM"	"%RH"	64.576
"4/21/12 4:19:01 AM"	"%RH"	58.871
"4/21/12 5:19:01 AM"	"%RH"	53.023
"4/21/12 6:19:01 AM"	"%RH"	57.713
"4/21/12 7:19:01 AM"	"%RH"	57.132
"4/21/12 8:19:01 AM"	"%RH"	55.965
"4/21/12 9:19:01 AM"	"%RH"	33.989
"4/21/12 10:19:01 AM"	"%RH"	20.315
"4/21/12 11:19:01 AM"	"%RH"	20.315
"4/21/12 12:19:01 PM"	"%RH"	20.315
"4/21/12 1:19:01 PM"	"%RH"	18.98
"4/21/12 2:19:01 PM"	"%RH"	16.967
"4/21/12 3:19:01 PM"	"%RH"	14.941
"4/21/12 4:19:01 PM"	"%RH"	12.902
"4/21/12 5:19:01 PM"	"%RH"	12.22
"4/21/12 6:19:01 PM"	"%RH"	12.22
"4/21/12 7:19:01 PM"	"%RH"	12.902
"4/21/12 8:19:01 PM"	"%RH"	23.628
"4/21/12 9:19:01 PM"	"%RH"	32.074
"4/21/12 10:19:01 PM"	"%RH"	32.074
"4/21/12 11:19:01 PM"	"%RH"	39.656
"4/22/12 12:19:01 AM"	"%RH"	37.151
"4/22/12 1:19:01 AM"	"%RH"	35.891
"4/22/12 2:19:01 AM"	"%RH"	37.78
"4/22/12 3:19:01 AM"	"%RH"	43.37
"4/22/12 4:19:01 AM"	"%RH"	46.426
"4/22/12 5:19:01 AM"	"%RH"	45.818
"4/22/12 6:19:01 AM"	"%RH"	48.845
"4/22/12 7:19:01 AM"	"%RH"	51.837
"4/22/12 8:19:01 AM"	"%RH"	51.241
"4/22/12 9:19:01 AM"	"%RH"	27.556
"4/22/12 10:19:01 AM"	"%RH"	15.618
"4/22/12 11:19:01 AM"	"%RH"	16.967
"4/22/12 12:19:01 PM"	"%RH"	16.293
"4/22/12 1:19:01 PM"	"%RH"	14.941
"4/22/12 2:19:01 PM"	"%RH"	16.967
"4/22/12 3:19:01 PM"	"%RH"	17.64
"4/22/12 4:19:01 PM"	"%RH"	17.64
"4/22/12 5:19:01 PM"	"%RH"	24.286
"4/22/12 6:19:01 PM"	"%RH"	35.258
"4/22/12 7:19:01 PM"	"%RH"	26.252
"4/22/12 8:19:01 PM"	"%RH"	31.433
"4/22/12 9:19:01 PM"	"%RH"	32.713
"4/22/12 10:19:01 PM"	"%RH"	43.984
"4/22/12 11:19:01 PM"	"%RH"	37.78
"4/23/12 12:19:01 AM"	"%RH"	32.074
"4/23/12 1:19:01 AM"	"%RH"	30.79
"4/23/12 2:19:01 AM"	"%RH"	27.556
"4/23/12 3:19:01 AM"	"%RH"	28.206
"4/23/12 4:19:01 AM"	"%RH"	28.206
"4/23/12 5:19:01 AM"	"%RH"	28.206
"4/23/12 6:19:01 AM"	"%RH"	26.905
"4/23/12 7:19:01 AM"	"%RH"	30.146
"4/23/12 8:19:01 AM"	"%RH"	35.258
"4/23/12 9:19:01 AM"	"%RH"	24.286
"4/23/12 10:19:01 AM"	"%RH"	22.307
"4/23/12 11:19:01 AM"	"%RH"	23.628
"4/23/12 12:19:01 PM"	"%RH"	21.645
"4/23/12 1:19:01 PM"	"%RH"	18.98
"4/23/12 2:19:01 PM"	"%RH"	17.64
"4/23/12 3:19:01 PM"	"%RH"	14.941
"4/23/12 4:19:01 PM"	"%RH"	12.22
"4/23/12 5:19:01 PM"	"%RH"	12.902
"4/23/12 6:19:01 PM"	"%RH"	14.263
"4/23/12 7:19:01 PM"	"%RH"	14.263
"4/23/12 8:19:01 PM"	"%RH"	22.307
"4/23/12 9:19:01 PM"	"%RH"	30.146
"4/23/12 10:19:01 PM"	"%RH"	37.78
"4/23/12 11:19:01 PM"	"%RH"	43.984
"4/24/12 12:19:01 AM"	"%RH"	36.522
"4/24/12 1:19:01 AM"	"%RH"	35.891
"4/24/12 2:19:01 AM"	"%RH"	34.624
"4/24/12 3:19:01 AM"	"%RH"	35.891
"4/24/12 4:19:01 AM"	"%RH"	34.624
"4/24/12 5:19:01 AM"	"%RH"	32.713
"4/24/12 6:19:01 AM"	"%RH"	30.79
"4/24/12 7:19:01 AM"	"%RH"	30.79
"4/24/12 8:19:01 AM"	"%RH"	33.352
"4/24/12 9:19:01 AM"	"%RH"	22.968
"4/24/12 10:19:01 AM"	"%RH"	18.98
"4/24/12 11:19:01 AM"	"%RH"	18.98
"4/24/12 12:19:01 PM"	"%RH"	17.64
"4/24/12 1:19:01 PM"	"%RH"	15.618
"4/24/12 2:19:01 PM"	"%RH"	12.902
"4/24/12 3:19:01 PM"	"%RH"	11.536
"4/24/12 4:19:01 PM"	"%RH"	14.263
"4/24/12 5:19:01 PM"	"%RH"	15.618
"4/24/12 6:19:01 PM"	"%RH"	12.902
"4/24/12 7:19:01 PM"	"%RH"	14.941
"4/24/12 8:19:01 PM"	"%RH"	20.315
"4/24/12 9:19:01 PM"	"%RH"	23.628
"4/24/12 10:19:01 PM"	"%RH"	28.206
"4/24/12 11:19:01 PM"	"%RH"	33.989
"4/25/12 12:19:01 AM"	"%RH"	32.074
"4/25/12 1:19:01 AM"	"%RH"	25.598
"4/25/12 2:19:01 AM"	"%RH"	25.598
"4/25/12 3:19:01 AM"	"%RH"	26.905
"4/25/12 4:19:01 AM"	"%RH"	32.713
"4/25/12 5:19:01 AM"	"%RH"	30.146
"4/25/12 6:19:01 AM"	"%RH"	28.854
"4/25/12 7:19:01 AM"	"%RH"	35.258
"4/25/12 8:19:01 AM"	"%RH"	38.407
"4/25/12 9:19:01 AM"	"%RH"	22.968
"4/25/12 10:19:01 AM"	"%RH"	16.293
"4/25/12 11:19:01 AM"	"%RH"	14.263
"4/25/12 12:19:01 PM"	"%RH"	14.941
"4/25/12 1:19:01 PM"	"%RH"	13.583
"4/25/12 2:19:01 PM"	"%RH"	12.902
"4/25/12 3:19:01 PM"	"%RH"	10.164
"4/25/12 4:19:01 PM"	"%RH"	10.164
"4/25/12 5:19:01 PM"	"%RH"	8.786
"4/25/12 6:19:01 PM"	"%RH"	10.85
"4/25/12 7:19:01 PM"	"%RH"	7.402
"4/25/12 8:19:01 PM"	"%RH"	14.941
"4/25/12 9:19:01 PM"	"%RH"	22.307
"4/25/12 10:19:01 PM"	"%RH"	25.598
"4/25/12 11:19:01 PM"	"%RH"	28.206
"4/26/12 12:19:01 AM"	"%RH"	29.501
"4/26/12 1:19:01 AM"	"%RH"	27.556
"4/26/12 2:19:01 AM"	"%RH"	28.854
"4/26/12 3:19:01 AM"	"%RH"	28.854
"4/26/12 4:19:01 AM"	"%RH"	28.854
"4/26/12 5:19:01 AM"	"%RH"	28.854
"4/26/12 6:19:01 AM"	"%RH"	28.854
"4/26/12 7:19:01 AM"	"%RH"	32.074
"4/26/12 8:19:01 AM"	"%RH"	32.074
"4/26/12 9:19:01 AM"	"%RH"	30.79
"4/26/12 10:19:01 AM"	"%RH"	14.263
"4/26/12 11:19:01 AM"	"%RH"	11.536
"4/26/12 12:19:01 PM"	"%RH"	10.164
"4/26/12 1:19:01 PM"	"%RH"	10.164
"4/26/12 2:19:01 PM"	"%RH"	10.164
"4/26/12 3:19:01 PM"	"%RH"	10.85
"4/26/12 4:19:01 PM"	"%RH"	10.164
"4/26/12 5:19:01 PM"	"%RH"	14.263
"4/26/12 6:19:01 PM"	"%RH"	13.583
"4/26/12 7:19:01 PM"	"%RH"	13.583
"4/26/12 8:19:01 PM"	"%RH"	18.311
"4/26/12 9:19:01 PM"	"%RH"	23.628
"4/26/12 10:19:01 PM"	"%RH"	28.206
"4/26/12 11:19:01 PM"	"%RH"	30.79
"4/27/12 12:19:01 AM"	"%RH"	22.307
"4/27/12 1:19:01 AM"	"%RH"	16.967
"4/27/12 2:19:01 AM"	"%RH"	21.645
"4/27/12 3:19:01 AM"	"%RH"	22.307
"4/27/12 4:19:01 AM"	"%RH"	24.286
"4/27/12 5:19:01 AM"	"%RH"	24.286
"4/27/12 6:19:01 AM"	"%RH"	26.905
"4/27/12 7:19:01 AM"	"%RH"	30.79
"4/27/12 8:19:01 AM"	"%RH"	32.074
"4/27/12 9:19:01 AM"	"%RH"	30.79
"4/27/12 10:19:01 AM"	"%RH"	21.645
"4/27/12 11:19:01 AM"	"%RH"	18.98
"4/27/12 12:19:01 PM"	"%RH"	18.311
"4/27/12 1:19:01 PM"	"%RH"	14.941
"4/27/12 2:19:01 PM"	"%RH"	14.263
"4/27/12 3:19:01 PM"	"%RH"	10.85
"4/27/12 4:19:01 PM"	"%RH"	10.85
"4/27/12 5:19:01 PM"	"%RH"	8.786
"4/27/12 6:19:01 PM"	"%RH"	11.536
"4/27/12 7:19:01 PM"	"%RH"	9.475
"4/27/12 8:19:01 PM"	"%RH"	13.583
"4/27/12 9:19:01 PM"	"%RH"	17.64
"4/27/12 10:19:01 PM"	"%RH"	21.645
"4/27/12 11:19:01 PM"	"%RH"	22.307
"4/28/12 12:19:01 AM"	"%RH"	24.943
"4/28/12 1:19:01 AM"	"%RH"	26.905
"4/28/12 2:19:01 AM"	"%RH"	27.556
"4/28/12 3:19:01 AM"	"%RH"	26.905
"4/28/12 4:19:01 AM"	"%RH"	26.252
"4/28/12 5:19:01 AM"	"%RH"	27.556
"4/28/12 6:19:01 AM"	"%RH"	32.074
"4/28/12 7:19:01 AM"	"%RH"	31.433
"4/28/12 8:19:01 AM"	"%RH"	28.854
"4/28/12 9:19:01 AM"	"%RH"	18.98
"4/28/12 10:19:01 AM"	"%RH"	14.263
"4/28/12 11:19:01 AM"	"%RH"	12.902
"4/28/12 12:19:01 PM"	"%RH"	12.902
"4/28/12 1:19:01 PM"	"%RH"	12.22
"4/28/12 2:19:01 PM"	"%RH"	12.22
"4/28/12 3:19:01 PM"	"%RH"	10.164
"4/28/12 4:19:01 PM"	"%RH"	9.475
"4/28/12 5:19:01 PM"	"%RH"	9.475
"4/28/12 6:19:01 PM"	"%RH"	1.811
"4/28/12 7:19:01 PM"	"%RH"	5.316
"4/28/12 8:19:01 PM"	"%RH"	6.708
"4/28/12 9:19:01 PM"	"%RH"	7.402
"4/28/12 10:19:01 PM"	"%RH"	11.536
"4/28/12 11:19:01 PM"	"%RH"	23.628
"4/29/12 12:19:01 AM"	"%RH"	23.628
"4/29/12 1:19:01 AM"	"%RH"	21.645
"4/29/12 2:19:01 AM"	"%RH"	22.307
"4/29/12 3:19:01 AM"	"%RH"	22.307
"4/29/12 4:19:01 AM"	"%RH"	25.598
"4/29/12 5:19:01 AM"	"%RH"	32.074
"4/29/12 6:19:01 AM"	"%RH"	36.522
"4/29/12 7:19:01 AM"	"%RH"	35.891
"4/29/12 8:19:01 AM"	"%RH"	28.206
"4/29/12 9:19:01 AM"	"%RH"	25.598
"4/29/12 10:19:01 AM"	"%RH"	19.648
"4/29/12 11:19:01 AM"	"%RH"	18.311
"4/29/12 12:19:01 PM"	"%RH"	16.967
"4/29/12 1:19:01 PM"	"%RH"	14.941
"4/29/12 2:19:01 PM"	"%RH"	14.263
"4/29/12 3:19:01 PM"	"%RH"	14.941
"4/29/12 4:19:01 PM"	"%RH"	14.941
"4/29/12 5:19:01 PM"	"%RH"	12.22
"4/29/12 6:19:01 PM"	"%RH"	12.22
"4/29/12 7:19:01 PM"	"%RH"	14.263
"4/29/12 8:19:01 PM"	"%RH"	14.941
"4/29/12 9:19:01 PM"	"%RH"	20.981
"4/29/12 10:19:01 PM"	"%RH"	24.286
"4/29/12 11:19:01 PM"	"%RH"	37.151
"4/30/12 12:19:01 AM"	"%RH"	43.37
"4/30/12 1:19:01 AM"	"%RH"	46.426
"4/30/12 2:19:01 AM"	"%RH"	47.638
"4/30/12 3:19:01 AM"	"%RH"	48.242
"4/30/12 4:19:01 AM"	"%RH"	47.033
"4/30/12 5:19:01 AM"	"%RH"	47.638
"4/30/12 6:19:01 AM"	"%RH"	54.793
"4/30/12 7:19:01 AM"	"%RH"	55.38
"4/30/12 8:19:01 AM"	"%RH"	54.204
"4/30/12 9:19:01 AM"	"%RH"	51.241
"4/30/12 10:19:01 AM"	"%RH"	43.37
"4/30/12 11:19:01 AM"	"%RH"	33.989
"4/30/12 12:19:01 PM"	"%RH"	30.79
"4/30/12 1:19:01 PM"	"%RH"	24.943
"4/30/12 2:19:01 PM"	"%RH"	22.968
"4/30/12 3:19:01 PM"	"%RH"	20.315
"4/30/12 4:19:01 PM"	"%RH"	16.293
"4/30/12 5:19:01 PM"	"%RH"	14.263
"4/30/12 6:19:01 PM"	"%RH"	10.164
"4/30/12 7:19:01 PM"	"%RH"	12.902
"4/30/12 8:19:01 PM"	"%RH"	13.583
"4/30/12 9:19:01 PM"	"%RH"	21.645
"4/30/12 10:19:01 PM"	"%RH"	27.556
"4/30/12 11:19:01 PM"	"%RH"	32.074
"5/1/12 12:19:01 AM"	"%RH"	35.258
"5/1/12 1:19:01 AM"	"%RH"	37.78
"5/1/12 2:19:01 AM"	"%RH"	42.138
"5/1/12 3:19:01 AM"	"%RH"	43.984
"5/1/12 4:19:01 AM"	"%RH"	43.984
"5/1/12 5:19:01 AM"	"%RH"	42.755
"5/1/12 6:19:01 AM"	"%RH"	42.755
"5/1/12 7:19:01 AM"	"%RH"	43.37
"5/1/12 8:19:01 AM"	"%RH"	42.138
"5/1/12 9:19:01 AM"	"%RH"	33.352
"5/1/12 10:19:01 AM"	"%RH"	26.252
"5/1/12 11:19:01 AM"	"%RH"	24.286
"5/1/12 12:19:01 PM"	"%RH"	21.645
"5/1/12 1:19:01 PM"	"%RH"	20.981
"5/1/12 2:19:01 PM"	"%RH"	19.648
"5/1/12 3:19:01 PM"	"%RH"	16.293
"5/1/12 4:19:01 PM"	"%RH"	16.967
"5/1/12 5:19:01 PM"	"%RH"	16.293
"5/1/12 6:19:01 PM"	"%RH"	13.583
"5/1/12 7:19:01 PM"	"%RH"	14.263
"5/1/12 8:19:01 PM"	"%RH"	13.583
"5/1/12 9:19:01 PM"	"%RH"	17.64
"5/1/12 10:19:01 PM"	"%RH"	20.315
"5/1/12 11:19:01 PM"	"%RH"	24.943
"5/2/12 12:19:01 AM"	"%RH"	33.352
"5/2/12 1:19:01 AM"	"%RH"	42.755
"5/2/12 2:19:01 AM"	"%RH"	43.37
"5/2/12 3:19:01 AM"	"%RH"	50.046
"5/2/12 4:19:01 AM"	"%RH"	53.614
"5/2/12 5:19:01 AM"	"%RH"	58.293
"5/2/12 6:19:01 AM"	"%RH"	52.431
"5/2/12 7:19:01 AM"	"%RH"	45.208
"5/2/12 8:19:01 AM"	"%RH"	38.407
"5/2/12 9:19:01 AM"	"%RH"	24.943
"5/2/12 10:19:01 AM"	"%RH"	17.64
"5/2/12 11:19:01 AM"	"%RH"	14.263
"5/2/12 12:19:01 PM"	"%RH"	12.22
"5/2/12 1:19:01 PM"	"%RH"	12.22
"5/2/12 2:19:01 PM"	"%RH"	11.536
"5/2/12 3:19:01 PM"	"%RH"	10.164
"5/2/12 4:19:01 PM"	"%RH"	9.475
"5/2/12 5:19:01 PM"	"%RH"	9.475
"5/2/12 6:19:01 PM"	"%RH"	9.475
"5/2/12 7:19:01 PM"	"%RH"	8.786
"5/2/12 8:19:01 PM"	"%RH"	8.786
"5/2/12 9:19:01 PM"	"%RH"	10.164
"5/2/12 10:19:01 PM"	"%RH"	12.902
"5/2/12 11:19:01 PM"	"%RH"	14.263
"5/3/12 12:19:01 AM"	"%RH"	15.618
"5/3/12 1:19:01 AM"	"%RH"	16.967
"5/3/12 2:19:01 AM"	"%RH"	15.618
"5/3/12 3:19:01 AM"	"%RH"	16.967
"5/3/12 4:19:01 AM"	"%RH"	17.64
"5/3/12 5:19:01 AM"	"%RH"	18.311
"5/3/12 6:19:01 AM"	"%RH"	20.315
"5/3/12 7:19:01 AM"	"%RH"	21.645
"5/3/12 8:19:01 AM"	"%RH"	20.981
"5/3/12 9:19:01 AM"	"%RH"	18.311
"5/3/12 10:19:01 AM"	"%RH"	14.941
"5/3/12 11:19:01 AM"	"%RH"	12.22
"5/3/12 12:19:01 PM"	"%RH"	12.22
"5/3/12 1:19:01 PM"	"%RH"	10.164
"5/3/12 2:19:01 PM"	"%RH"	10.85
"5/3/12 3:19:01 PM"	"%RH"	10.85
"5/3/12 4:19:01 PM"	"%RH"	10.164
"5/3/12 5:19:01 PM"	"%RH"	8.786
"5/3/12 6:19:01 PM"	"%RH"	10.164
"5/3/12 7:19:01 PM"	"%RH"	8.786
"5/3/12 8:19:01 PM"	"%RH"	10.85
"5/3/12 9:19:01 PM"	"%RH"	10.85
"5/3/12 10:19:01 PM"	"%RH"	14.263
"5/3/12 11:19:01 PM"	"%RH"	19.648
"5/4/12 12:19:01 AM"	"%RH"	31.433
"5/4/12 1:19:01 AM"	"%RH"	36.522
"5/4/12 2:19:01 AM"	"%RH"	33.989
"5/4/12 3:19:01 AM"	"%RH"	33.989
"5/4/12 4:19:01 AM"	"%RH"	34.624
"5/4/12 5:19:01 AM"	"%RH"	35.891
"5/4/12 6:19:01 AM"	"%RH"	41.519
"5/4/12 7:19:01 AM"	"%RH"	36.522
"5/4/12 8:19:01 AM"	"%RH"	31.433
"5/4/12 9:19:01 AM"	"%RH"	22.968
"5/4/12 10:19:01 AM"	"%RH"	15.618
"5/4/12 11:19:01 AM"	"%RH"	12.22
"5/4/12 12:19:01 PM"	"%RH"	12.22
"5/4/12 1:19:01 PM"	"%RH"	12.22
"5/4/12 2:19:01 PM"	"%RH"	12.22
"5/4/12 3:19:01 PM"	"%RH"	10.85
"5/4/12 4:19:01 PM"	"%RH"	10.164
"5/4/12 5:19:01 PM"	"%RH"	8.095
"5/4/12 6:19:01 PM"	"%RH"	8.095
"5/4/12 7:19:01 PM"	"%RH"	8.095
"5/4/12 8:19:01 PM"	"%RH"	8.095
"5/4/12 9:19:01 PM"	"%RH"	9.475
"5/4/12 10:19:01 PM"	"%RH"	11.536
"5/4/12 11:19:01 PM"	"%RH"	13.583
"5/5/12 12:19:01 AM"	"%RH"	14.941
"5/5/12 1:19:01 AM"	"%RH"	15.618
"5/5/12 2:19:01 AM"	"%RH"	16.967
"5/5/12 3:19:01 AM"	"%RH"	18.98
"5/5/12 4:19:01 AM"	"%RH"	18.98
"5/5/12 5:19:01 AM"	"%RH"	20.315
"5/5/12 6:19:01 AM"	"%RH"	20.315
"5/5/12 7:19:01 AM"	"%RH"	21.645
"5/5/12 8:19:01 AM"	"%RH"	20.315
"5/5/12 9:19:01 AM"	"%RH"	16.967
"5/5/12 10:19:01 AM"	"%RH"	14.263
"5/5/12 11:19:01 AM"	"%RH"	12.902
"5/5/12 12:19:01 PM"	"%RH"	12.22
"5/5/12 1:19:01 PM"	"%RH"	12.22
"5/5/12 2:19:01 PM"	"%RH"	10.85
"5/5/12 3:19:01 PM"	"%RH"	10.85
"5/5/12 4:19:01 PM"	"%RH"	10.85
"5/5/12 5:19:01 PM"	"%RH"	10.85
"5/5/12 6:19:01 PM"	"%RH"	10.164
"5/5/12 7:19:01 PM"	"%RH"	10.85
"5/5/12 8:19:01 PM"	"%RH"	11.536
"5/5/12 9:19:01 PM"	"%RH"	13.583
"5/5/12 10:19:01 PM"	"%RH"	14.941
"5/5/12 11:19:01 PM"	"%RH"	16.967
"5/6/12 12:19:01 AM"	"%RH"	18.311
"5/6/12 1:19:01 AM"	"%RH"	19.648
"5/6/12 2:19:01 AM"	"%RH"	20.315
"5/6/12 3:19:01 AM"	"%RH"	20.981
"5/6/12 4:19:01 AM"	"%RH"	21.645
"5/6/12 5:19:01 AM"	"%RH"	22.307
"5/6/12 6:19:01 AM"	"%RH"	21.645
"5/6/12 7:19:01 AM"	"%RH"	21.645
"5/6/12 8:19:01 AM"	"%RH"	20.315
"5/6/12 9:19:01 AM"	"%RH"	17.64
"5/6/12 10:19:01 AM"	"%RH"	15.618
"5/6/12 11:19:01 AM"	"%RH"	13.583
"5/6/12 12:19:01 PM"	"%RH"	13.583
"5/6/12 1:19:01 PM"	"%RH"	12.902
"5/6/12 2:19:01 PM"	"%RH"	11.536
"5/6/12 3:19:01 PM"	"%RH"	10.85
"5/6/12 4:19:01 PM"	"%RH"	10.164
"5/6/12 5:19:01 PM"	"%RH"	10.164
"5/6/12 6:19:01 PM"	"%RH"	9.475
"5/6/12 7:19:01 PM"	"%RH"	9.475
"5/6/12 8:19:01 PM"	"%RH"	9.475
"5/6/12 9:19:01 PM"	"%RH"	10.164
"5/6/12 10:19:01 PM"	"%RH"	12.22
"5/6/12 11:19:01 PM"	"%RH"	14.941
"5/7/12 12:19:01 AM"	"%RH"	15.618
"5/7/12 1:19:01 AM"	"%RH"	16.967
"5/7/12 2:19:01 AM"	"%RH"	17.64
"5/7/12 3:19:01 AM"	"%RH"	17.64
"5/7/12 4:19:01 AM"	"%RH"	18.98
"5/7/12 5:19:01 AM"	"%RH"	19.648
"5/7/12 6:19:01 AM"	"%RH"	19.648
"5/7/12 7:19:01 AM"	"%RH"	21.645
"5/7/12 8:19:01 AM"	"%RH"	22.307
"5/7/12 9:19:01 AM"	"%RH"	20.315
"5/7/12 10:19:01 AM"	"%RH"	17.64
"5/7/12 11:19:01 AM"	"%RH"	16.967
"5/7/12 12:19:01 PM"	"%RH"	16.293
"5/7/12 1:19:01 PM"	"%RH"	16.967
"5/7/12 2:19:01 PM"	"%RH"	20.315
"5/7/12 3:19:01 PM"	"%RH"	18.311
"5/7/12 4:19:01 PM"	"%RH"	18.311
"5/7/12 5:19:01 PM"	"%RH"	20.315
"5/7/12 6:19:01 PM"	"%RH"	28.206
"5/7/12 7:19:01 PM"	"%RH"	30.146
"5/7/12 8:19:01 PM"	"%RH"	41.519
"5/7/12 9:19:01 PM"	"%RH"	65.7
"5/7/12 10:19:01 PM"	"%RH"	73.948
"5/7/12 11:19:01 PM"	"%RH"	71.78
"5/8/12 12:19:01 AM"	"%RH"	73.948
"5/8/12 1:19:01 AM"	"%RH"	77.157
"5/8/12 2:19:01 AM"	"%RH"	79.268
"5/8/12 3:19:01 AM"	"%RH"	82.907
"5/8/12 4:19:01 AM"	"%RH"	84.445
"5/8/12 5:19:01 AM"	"%RH"	84.445
"5/8/12 6:19:01 AM"	"%RH"	85.971
"5/8/12 7:19:01 AM"	"%RH"	87.483
"5/8/12 8:19:01 AM"	"%RH"	87.985
"5/8/12 9:19:01 AM"	"%RH"	87.985
"5/8/12 10:19:01 AM"	"%RH"	88.485
"5/8/12 11:19:01 AM"	"%RH"	86.981
"5/8/12 12:19:01 PM"	"%RH"	82.907
"5/8/12 1:19:01 PM"	"%RH"	76.626
"5/8/12 2:19:01 PM"	"%RH"	79.268
"5/8/12 3:19:01 PM"	"%RH"	83.934
"5/8/12 4:19:01 PM"	"%RH"	86.981
"5/8/12 5:19:01 PM"	"%RH"	87.985
"5/8/12 6:19:01 PM"	"%RH"	89.976
"5/8/12 7:19:01 PM"	"%RH"	89.976
"5/8/12 8:19:01 PM"	"%RH"	89.48
"5/8/12 9:19:01 PM"	"%RH"	91.454
"5/8/12 10:19:01 PM"	"%RH"	92.433
"5/8/12 11:19:01 PM"	"%RH"	93.405
"5/9/12 12:19:01 AM"	"%RH"	93.89
"5/9/12 1:19:01 AM"	"%RH"	94.373
"5/9/12 2:19:01 AM"	"%RH"	94.373
"5/9/12 3:19:01 AM"	"%RH"	95.334
"5/9/12 4:19:01 AM"	"%RH"	93.89
"5/9/12 5:19:01 AM"	"%RH"	93.89
"5/9/12 6:19:01 AM"	"%RH"	95.334
"5/9/12 7:19:01 AM"	"%RH"	94.373
"5/9/12 8:19:01 AM"	"%RH"	93.89
"5/9/12 9:19:01 AM"	"%RH"	94.373
"5/9/12 10:19:01 AM"	"%RH"	84.955
"5/9/12 11:19:01 AM"	"%RH"	85.971
"5/9/12 12:19:01 PM"	"%RH"	87.985
"5/9/12 1:19:01 PM"	"%RH"	87.483
"5/9/12 2:19:01 PM"	"%RH"	89.976
"5/9/12 3:19:01 PM"	"%RH"	89.976
"5/9/12 4:19:01 PM"	"%RH"	88.983
"5/9/12 5:19:01 PM"	"%RH"	88.485
"5/9/12 6:19:01 PM"	"%RH"	85.971
"5/9/12 7:19:01 PM"	"%RH"	86.981
"5/9/12 8:19:01 PM"	"%RH"	88.983
"5/9/12 9:19:01 PM"	"%RH"	89.976
"5/9/12 10:19:01 PM"	"%RH"	92.92
"5/9/12 11:19:01 PM"	"%RH"	92.433
"5/10/12 12:19:01 AM"	"%RH"	92.433
"5/10/12 1:19:01 AM"	"%RH"	94.373
"5/10/12 2:19:01 AM"	"%RH"	95.812
"5/10/12 3:19:01 AM"	"%RH"	96.765
"5/10/12 4:19:01 AM"	"%RH"	95.334
"5/10/12 5:19:01 AM"	"%RH"	96.765
"5/10/12 6:19:01 AM"	"%RH"	96.765
"5/10/12 7:19:01 AM"	"%RH"	97.239
"5/10/12 8:19:01 AM"	"%RH"	96.765
"5/10/12 9:19:01 AM"	"%RH"	94.854
"5/10/12 10:19:01 AM"	"%RH"	88.983
"5/10/12 11:19:01 AM"	"%RH"	84.955
"5/10/12 12:19:01 PM"	"%RH"	81.875
"5/10/12 1:19:01 PM"	"%RH"	79.268
"5/10/12 2:19:01 PM"	"%RH"	75.559
"5/10/12 3:19:01 PM"	"%RH"	68.485
"5/10/12 4:19:01 PM"	"%RH"	66.26
"5/10/12 5:19:01 PM"	"%RH"	78.215
"5/10/12 6:19:01 PM"	"%RH"	72.867
"5/10/12 7:19:01 PM"	"%RH"	64.012
"5/10/12 8:19:01 PM"	"%RH"	70.687
"5/10/12 9:19:01 PM"	"%RH"	77.157
"5/10/12 10:19:01 PM"	"%RH"	78.742
"5/10/12 11:19:01 PM"	"%RH"	81.356
"5/11/12 12:19:01 AM"	"%RH"	83.421
"5/11/12 1:19:01 AM"	"%RH"	86.476
"5/11/12 2:19:01 AM"	"%RH"	88.485
"5/11/12 3:19:01 AM"	"%RH"	89.48
"5/11/12 4:19:01 AM"	"%RH"	88.983
"5/11/12 5:19:01 AM"	"%RH"	91.454
"5/11/12 6:19:01 AM"	"%RH"	92.433
"5/11/12 7:19:01 AM"	"%RH"	93.405
"5/11/12 8:19:01 AM"	"%RH"	94.854
"5/11/12 9:19:01 AM"	"%RH"	80.315
"5/11/12 10:19:01 AM"	"%RH"	67.931
"5/11/12 11:19:01 AM"	"%RH"	62.88
"5/11/12 12:19:01 PM"	"%RH"	62.88
"5/11/12 1:19:01 PM"	"%RH"	59.448
"5/11/12 2:19:01 PM"	"%RH"	57.132
"5/11/12 3:19:01 PM"	"%RH"	54.204
"5/11/12 4:19:01 PM"	"%RH"	48.242
"5/11/12 5:19:01 PM"	"%RH"	44.597
"5/11/12 6:19:01 PM"	"%RH"	43.37
"5/11/12 7:19:01 PM"	"%RH"	47.033
"5/11/12 8:19:01 PM"	"%RH"	57.713
"5/11/12 9:19:01 PM"	"%RH"	66.26
"5/11/12 10:19:01 PM"	"%RH"	73.408
"5/11/12 11:19:01 PM"	"%RH"	79.792
"5/12/12 12:19:01 AM"	"%RH"	81.875
"5/12/12 1:19:01 AM"	"%RH"	84.955
"5/12/12 2:19:01 AM"	"%RH"	86.476
"5/12/12 3:19:01 AM"	"%RH"	88.983
"5/12/12 4:19:01 AM"	"%RH"	87.985
"5/12/12 5:19:01 AM"	"%RH"	87.985
"5/12/12 6:19:01 AM"	"%RH"	86.981
"5/12/12 7:19:01 AM"	"%RH"	87.483
"5/12/12 8:19:01 AM"	"%RH"	88.485
"5/12/12 9:19:01 AM"	"%RH"	74.486
"5/12/12 10:19:01 AM"	"%RH"	55.965
"5/12/12 11:19:01 AM"	"%RH"	51.241
"5/12/12 12:19:01 PM"	"%RH"	49.446
"5/12/12 1:19:01 PM"	"%RH"	47.638
"5/12/12 2:19:01 PM"	"%RH"	46.426
"5/12/12 3:19:01 PM"	"%RH"	45.208
"5/12/12 4:19:01 PM"	"%RH"	39.656
"5/12/12 5:19:01 PM"	"%RH"	41.519
"5/12/12 6:19:01 PM"	"%RH"	42.755
"5/12/12 7:19:01 PM"	"%RH"	41.519
"5/12/12 8:19:01 PM"	"%RH"	48.845
"5/12/12 9:19:01 PM"	"%RH"	54.204
"5/12/12 10:19:01 PM"	"%RH"	59.448
"5/12/12 11:19:01 PM"	"%RH"	64.576
"5/13/12 12:19:01 AM"	"%RH"	67.375
"5/13/12 1:19:01 AM"	"%RH"	69.038
"5/13/12 2:19:01 AM"	"%RH"	70.139
"5/13/12 3:19:01 AM"	"%RH"	78.742
"5/13/12 4:19:01 AM"	"%RH"	82.392
"5/13/12 5:19:01 AM"	"%RH"	76.626
"5/13/12 6:19:01 AM"	"%RH"	66.818
"5/13/12 7:19:01 AM"	"%RH"	73.948
"5/13/12 8:19:01 AM"	"%RH"	77.687
"5/13/12 9:19:01 AM"	"%RH"	70.687
"5/13/12 10:19:01 AM"	"%RH"	53.023
"5/13/12 11:19:01 AM"	"%RH"	53.614
"5/13/12 12:19:01 PM"	"%RH"	54.793
"5/13/12 1:19:01 PM"	"%RH"	52.431
"5/13/12 2:19:01 PM"	"%RH"	48.242
"5/13/12 3:19:01 PM"	"%RH"	43.37
"5/13/12 4:19:01 PM"	"%RH"	39.032
"5/13/12 5:19:01 PM"	"%RH"	38.407
"5/13/12 6:19:01 PM"	"%RH"	36.522
"5/13/12 7:19:01 PM"	"%RH"	45.208
"5/13/12 8:19:01 PM"	"%RH"	54.793
"5/13/12 9:19:01 PM"	"%RH"	60.024
"5/13/12 10:19:01 PM"	"%RH"	64.576
"5/13/12 11:19:01 PM"	"%RH"	69.038
"5/14/12 12:19:01 AM"	"%RH"	73.948
"5/14/12 1:19:01 AM"	"%RH"	78.215
"5/14/12 2:19:01 AM"	"%RH"	82.392
"5/14/12 3:19:01 AM"	"%RH"	85.464
"5/14/12 4:19:01 AM"	"%RH"	85.971
"5/14/12 5:19:01 AM"	"%RH"	86.476
"5/14/12 6:19:01 AM"	"%RH"	86.476
"5/14/12 7:19:01 AM"	"%RH"	84.955
"5/14/12 8:19:01 AM"	"%RH"	78.742
"5/14/12 9:19:01 AM"	"%RH"	67.931
"5/14/12 10:19:01 AM"	"%RH"	58.871
"5/14/12 11:19:01 AM"	"%RH"	54.793
"5/14/12 12:19:01 PM"	"%RH"	51.837
"5/14/12 1:19:01 PM"	"%RH"	65.7
"5/14/12 2:19:01 PM"	"%RH"	75.559
"5/14/12 3:19:01 PM"	"%RH"	78.215
"5/14/12 4:19:01 PM"	"%RH"	83.934
"5/14/12 5:19:01 PM"	"%RH"	76.626
"5/14/12 6:19:01 PM"	"%RH"	63.447
"5/14/12 7:19:01 PM"	"%RH"	61.17
"5/14/12 8:19:01 PM"	"%RH"	67.375
"5/14/12 9:19:01 PM"	"%RH"	73.948
"5/14/12 10:19:01 PM"	"%RH"	79.792
"5/14/12 11:19:01 PM"	"%RH"	85.464
"5/15/12 12:19:01 AM"	"%RH"	85.971
"5/15/12 1:19:01 AM"	"%RH"	87.985
"5/15/12 2:19:01 AM"	"%RH"	89.48
"5/15/12 3:19:01 AM"	"%RH"	89.48
"5/15/12 4:19:01 AM"	"%RH"	90.47
"5/15/12 5:19:01 AM"	"%RH"	92.433
"5/15/12 6:19:01 AM"	"%RH"	92.433
"5/15/12 7:19:01 AM"	"%RH"	94.373
"5/15/12 8:19:01 AM"	"%RH"	94.854
"5/15/12 9:19:01 AM"	"%RH"	89.976
"5/15/12 10:19:01 AM"	"%RH"	76.626
"5/15/12 11:19:01 AM"	"%RH"	75.559
"5/15/12 12:19:01 PM"	"%RH"	69.038
"5/15/12 1:19:01 PM"	"%RH"	62.88
"5/15/12 2:19:01 PM"	"%RH"	62.88
"5/15/12 3:19:01 PM"	"%RH"	58.871
"5/15/12 4:19:01 PM"	"%RH"	56.549
"5/15/12 5:19:01 PM"	"%RH"	55.965
"5/15/12 6:19:01 PM"	"%RH"	56.549
"5/15/12 7:19:01 PM"	"%RH"	55.965
"5/15/12 8:19:01 PM"	"%RH"	63.447
"5/15/12 9:19:01 PM"	"%RH"	70.139
"5/15/12 10:19:01 PM"	"%RH"	76.093
"5/15/12 11:19:01 PM"	"%RH"	82.392
"5/16/12 12:19:01 AM"	"%RH"	84.955
"5/16/12 1:19:01 AM"	"%RH"	86.981
"5/16/12 2:19:01 AM"	"%RH"	86.476
"5/16/12 3:19:01 AM"	"%RH"	86.981
"5/16/12 4:19:01 AM"	"%RH"	87.985
"5/16/12 5:19:01 AM"	"%RH"	88.983
"5/16/12 6:19:01 AM"	"%RH"	90.963
"5/16/12 7:19:01 AM"	"%RH"	92.92
"5/16/12 8:19:01 AM"	"%RH"	93.89
"5/16/12 9:19:01 AM"	"%RH"	82.392
"5/16/12 10:19:01 AM"	"%RH"	54.793
"5/16/12 11:19:01 AM"	"%RH"	50.046
"5/16/12 12:19:01 PM"	"%RH"	46.426
"5/16/12 1:19:01 PM"	"%RH"	42.138
"5/16/12 2:19:01 PM"	"%RH"	36.522
"5/16/12 3:19:01 PM"	"%RH"	30.146
"5/16/12 4:19:01 PM"	"%RH"	28.206
"5/16/12 5:19:01 PM"	"%RH"	26.905
"5/16/12 6:19:01 PM"	"%RH"	24.286
"5/16/12 7:19:01 PM"	"%RH"	25.598
"5/16/12 8:19:01 PM"	"%RH"	27.556
"5/16/12 9:19:01 PM"	"%RH"	33.989
"5/16/12 10:19:01 PM"	"%RH"	37.151
"5/16/12 11:19:01 PM"	"%RH"	40.9
"5/17/12 12:19:01 AM"	"%RH"	47.033
"5/17/12 1:19:01 AM"	"%RH"	52.431
"5/17/12 2:19:01 AM"	"%RH"	52.431
"5/17/12 3:19:01 AM"	"%RH"	53.614
"5/17/12 4:19:01 AM"	"%RH"	58.293
"5/17/12 5:19:01 AM"	"%RH"	61.17
"5/17/12 6:19:01 AM"	"%RH"	57.132
"5/17/12 7:19:01 AM"	"%RH"	57.713
"5/17/12 8:19:01 AM"	"%RH"	50.046
"5/17/12 9:19:01 AM"	"%RH"	40.279
"5/17/12 10:19:01 AM"	"%RH"	32.713
"5/17/12 11:19:01 AM"	"%RH"	31.433
"5/17/12 12:19:01 PM"	"%RH"	31.433
"5/17/12 1:19:01 PM"	"%RH"	30.79
"5/17/12 2:19:01 PM"	"%RH"	27.556
"5/17/12 3:19:01 PM"	"%RH"	24.286
"5/17/12 4:19:01 PM"	"%RH"	21.645
"5/17/12 5:19:01 PM"	"%RH"	19.648
"5/17/12 6:19:01 PM"	"%RH"	17.64
"5/17/12 7:19:01 PM"	"%RH"	20.315
"5/17/12 8:19:01 PM"	"%RH"	22.307
"5/17/12 9:19:01 PM"	"%RH"	28.206
"5/17/12 10:19:01 PM"	"%RH"	31.433
"5/17/12 11:19:01 PM"	"%RH"	33.352
"5/18/12 12:19:01 AM"	"%RH"	32.713
"5/18/12 1:19:01 AM"	"%RH"	32.713
"5/18/12 2:19:01 AM"	"%RH"	32.713
"5/18/12 3:19:01 AM"	"%RH"	32.713
"5/18/12 4:19:01 AM"	"%RH"	32.713
"5/18/12 5:19:01 AM"	"%RH"	34.624
"5/18/12 6:19:01 AM"	"%RH"	33.989
"5/18/12 7:19:01 AM"	"%RH"	34.624
"5/18/12 8:19:01 AM"	"%RH"	32.713
"5/18/12 9:19:01 AM"	"%RH"	28.854
"5/18/12 10:19:01 AM"	"%RH"	22.307
"5/18/12 11:19:01 AM"	"%RH"	20.981
"5/18/12 12:19:01 PM"	"%RH"	19.648
"5/18/12 1:19:01 PM"	"%RH"	19.648
"5/18/12 2:19:01 PM"	"%RH"	18.311
"5/18/12 3:19:01 PM"	"%RH"	17.64
"5/18/12 4:19:01 PM"	"%RH"	16.967
"5/18/12 5:19:01 PM"	"%RH"	15.618
"5/18/12 6:19:01 PM"	"%RH"	13.583
"5/18/12 7:19:01 PM"	"%RH"	13.583
"5/18/12 8:19:01 PM"	"%RH"	16.967
"5/18/12 9:19:01 PM"	"%RH"	22.307
"5/18/12 10:19:01 PM"	"%RH"	28.206
"5/18/12 11:19:01 PM"	"%RH"	27.556
"5/19/12 12:19:01 AM"	"%RH"	29.501
"5/19/12 1:19:01 AM"	"%RH"	33.989
"5/19/12 2:19:01 AM"	"%RH"	37.151
"5/19/12 3:19:01 AM"	"%RH"	43.37
"5/19/12 4:19:01 AM"	"%RH"	41.519
"5/19/12 5:19:01 AM"	"%RH"	42.138
"5/19/12 6:19:01 AM"	"%RH"	37.151
"5/19/12 7:19:01 AM"	"%RH"	37.151
"5/19/12 8:19:01 AM"	"%RH"	33.989
"5/19/12 9:19:01 AM"	"%RH"	28.206
"5/19/12 10:19:01 AM"	"%RH"	22.968
"5/19/12 11:19:01 AM"	"%RH"	21.645
"5/19/12 12:19:01 PM"	"%RH"	20.315
"5/19/12 1:19:01 PM"	"%RH"	18.311
"5/19/12 2:19:01 PM"	"%RH"	15.618
"5/19/12 3:19:01 PM"	"%RH"	14.263
"5/19/12 4:19:01 PM"	"%RH"	12.902
"5/19/12 5:19:01 PM"	"%RH"	12.22
"5/19/12 6:19:01 PM"	"%RH"	11.536
"5/19/12 7:19:01 PM"	"%RH"	10.164
"5/19/12 8:19:01 PM"	"%RH"	12.902
"5/19/12 9:19:01 PM"	"%RH"	16.293
"5/19/12 10:19:01 PM"	"%RH"	22.307
"5/19/12 11:19:01 PM"	"%RH"	35.258
"5/20/12 12:19:01 AM"	"%RH"	41.519
"5/20/12 1:19:01 AM"	"%RH"	44.597
"5/20/12 2:19:01 AM"	"%RH"	47.638
"5/20/12 3:19:01 AM"	"%RH"	53.023
"5/20/12 4:19:01 AM"	"%RH"	56.549
"5/20/12 5:19:01 AM"	"%RH"	57.132
"5/20/12 6:19:01 AM"	"%RH"	52.431
"5/20/12 7:19:01 AM"	"%RH"	58.293
"5/20/12 8:19:01 AM"	"%RH"	57.132
"5/20/12 9:19:01 AM"	"%RH"	43.984
"5/20/12 10:19:01 AM"	"%RH"	34.624
"5/20/12 11:19:01 AM"	"%RH"	37.78
"5/20/12 12:19:01 PM"	"%RH"	33.352
"5/20/12 1:19:01 PM"	"%RH"	30.79
"5/20/12 2:19:01 PM"	"%RH"	32.713
"5/20/12 3:19:01 PM"	"%RH"	29.501
"5/20/12 4:19:01 PM"	"%RH"	32.713
"5/20/12 5:19:01 PM"	"%RH"	36.522
"5/20/12 6:19:01 PM"	"%RH"	33.352
"5/20/12 7:19:01 PM"	"%RH"	36.522
"5/20/12 8:19:01 PM"	"%RH"	43.37
"5/20/12 9:19:01 PM"	"%RH"	50.644
"5/20/12 10:19:01 PM"	"%RH"	44.597
"5/20/12 11:19:01 PM"	"%RH"	41.519
"5/21/12 12:19:01 AM"	"%RH"	40.9
"5/21/12 1:19:01 AM"	"%RH"	42.138
"5/21/12 2:19:01 AM"	"%RH"	49.446
"5/21/12 3:19:01 AM"	"%RH"	53.614
"5/21/12 4:19:01 AM"	"%RH"	54.793
"5/21/12 5:19:01 AM"	"%RH"	56.549
"5/21/12 6:19:01 AM"	"%RH"	60.024
"5/21/12 7:19:01 AM"	"%RH"	62.311
"5/21/12 8:19:01 AM"	"%RH"	64.576
"5/21/12 9:19:01 AM"	"%RH"	48.845
"5/21/12 10:19:01 AM"	"%RH"	37.151
"5/21/12 11:19:01 AM"	"%RH"	38.407
"5/21/12 12:19:01 PM"	"%RH"	36.522
"5/21/12 1:19:01 PM"	"%RH"	36.522
"5/21/12 2:19:01 PM"	"%RH"	41.519
"5/21/12 3:19:01 PM"	"%RH"	68.485
"5/21/12 4:19:01 PM"	"%RH"	79.792
"5/21/12 5:19:01 PM"	"%RH"	83.421
"5/21/12 6:19:01 PM"	"%RH"	55.965
"5/21/12 7:19:01 PM"	"%RH"	45.208
"5/21/12 8:19:01 PM"	"%RH"	62.311
"5/21/12 9:19:01 PM"	"%RH"	74.486
"5/21/12 10:19:01 PM"	"%RH"	80.836
"5/21/12 11:19:01 PM"	"%RH"	82.907
"5/22/12 12:19:01 AM"	"%RH"	85.464
"5/22/12 1:19:01 AM"	"%RH"	85.464
"5/22/12 2:19:01 AM"	"%RH"	84.445
"5/22/12 3:19:01 AM"	"%RH"	81.356
"5/22/12 4:19:01 AM"	"%RH"	61.742
"5/22/12 5:19:01 AM"	"%RH"	56.549
"5/22/12 6:19:01 AM"	"%RH"	56.549
"5/22/12 7:19:01 AM"	"%RH"	48.845
"5/22/12 8:19:01 AM"	"%RH"	48.242
"5/22/12 9:19:01 AM"	"%RH"	50.644
"5/22/12 10:19:01 AM"	"%RH"	38.407
"5/22/12 11:19:01 AM"	"%RH"	35.891
"5/22/12 12:19:01 PM"	"%RH"	34.624
"5/22/12 1:19:01 PM"	"%RH"	31.433
"5/22/12 2:19:01 PM"	"%RH"	29.501
"5/22/12 3:19:01 PM"	"%RH"	26.252
"5/22/12 4:19:01 PM"	"%RH"	24.286
"5/22/12 5:19:01 PM"	"%RH"	22.307
"5/22/12 6:19:01 PM"	"%RH"	18.311
"5/22/12 7:19:01 PM"	"%RH"	20.315
"5/22/12 8:19:01 PM"	"%RH"	20.315
"5/22/12 9:19:01 PM"	"%RH"	30.79
"5/22/12 10:19:01 PM"	"%RH"	39.656
"5/22/12 11:19:01 PM"	"%RH"	34.624
"5/23/12 12:19:01 AM"	"%RH"	34.624
"5/23/12 1:19:01 AM"	"%RH"	35.258
"5/23/12 2:19:01 AM"	"%RH"	37.78
"5/23/12 3:19:01 AM"	"%RH"	38.407
"5/23/12 4:19:01 AM"	"%RH"	39.656
"5/23/12 5:19:01 AM"	"%RH"	37.151
"5/23/12 6:19:01 AM"	"%RH"	43.984
"5/23/12 7:19:01 AM"	"%RH"	37.151
"5/23/12 8:19:01 AM"	"%RH"	29.501
"5/23/12 9:19:01 AM"	"%RH"	24.943
"5/23/12 10:19:01 AM"	"%RH"	22.307
"5/23/12 11:19:01 AM"	"%RH"	20.981
"5/23/12 12:19:01 PM"	"%RH"	19.648
"5/23/12 1:19:01 PM"	"%RH"	18.98
"5/23/12 2:19:01 PM"	"%RH"	18.311
"5/23/12 3:19:01 PM"	"%RH"	16.293
"5/23/12 4:19:01 PM"	"%RH"	14.941
"5/23/12 5:19:01 PM"	"%RH"	14.263
"5/23/12 6:19:01 PM"	"%RH"	12.902
"5/23/12 7:19:01 PM"	"%RH"	12.22
"5/23/12 8:19:01 PM"	"%RH"	12.22
"5/23/12 9:19:01 PM"	"%RH"	13.583
"5/23/12 10:19:01 PM"	"%RH"	14.941
"5/23/12 11:19:01 PM"	"%RH"	18.98
"5/24/12 12:19:01 AM"	"%RH"	22.307
"5/24/12 1:19:01 AM"	"%RH"	19.648
"5/24/12 2:19:01 AM"	"%RH"	19.648
"5/24/12 3:19:01 AM"	"%RH"	20.315
"5/24/12 4:19:01 AM"	"%RH"	20.315
"5/24/12 5:19:01 AM"	"%RH"	21.645
"5/24/12 6:19:01 AM"	"%RH"	23.628
"5/24/12 7:19:01 AM"	"%RH"	23.628
"5/24/12 8:19:01 AM"	"%RH"	22.968
"5/24/12 9:19:01 AM"	"%RH"	20.981
"5/24/12 10:19:01 AM"	"%RH"	20.315
"5/24/12 11:19:01 AM"	"%RH"	19.648
"5/24/12 12:19:01 PM"	"%RH"	19.648
"5/24/12 1:19:01 PM"	"%RH"	17.64
"5/24/12 2:19:01 PM"	"%RH"	16.293
